ID,Type,Turn Order,Category,Question,Ruling,Date,Referenced Rules,Change Log
2,clarification,0 General Rules,Characters,Can Characters join Swarms?,"Yes, if they are not prevented from joining them by special rules (Unbreakable, Loner, Fly, Ethereal) or different troop type and skirmish formation.",07.10.2026,"Characters Joining Skirmishers CRB 185
Characters & Units CRB 207
Unbreakable CRB 179
Loner CRB 172",07.10.2026 first test
5,clarification,2-2 Movement Phase Charge Moves,Special Rules,"Are modifiers to charge rolls part of the charge roll for the purpose of re-rolling?
Do these modifiers to the charge roll results count when determining the movement of a failed charge?","The modifiers are not part of the charge roll and abilities that let you reroll the charge roll cannot be applied for modifiers.
However, as a failed charge references the charge roll, it uses the result of the charge roll with modifiers, not precising ""without modifiers"" for the determination of the failed charge move.",07.10.2026,"Swifstride CRB 178
GW FAQ
Waaagh Banner, Crusader's Zeal, First to the Fray, Daemon of Slaanesh, 'Ere We Go!, Virtue of the Impetuous Knight, Beast Banner",07.10.2026 first test
7,faq,2-1 Movement Phase Declare Charges and Charge Reaction,Special Rules,"Does a frenzied unit need to declare a charge if there is a friendly unit in it's way, if the friendly unit could itself declare a charge and move out of the way?","No, the frenzied unit only has to declare a charge if the blocking unit is declaring a charge but the blocking unit is not obliged to do so",07.10.2026,"Frenzy, Impetuous GW FAQ 1.5.1 9",07.10.2026 first test
9,faq,2-2 Movement Phase Charge Moves,Skirmishers,Can Skirmishers change their facing during a move? Can they change direction? How do they charge? And how does forming up work with Skirmishers?,"Normal Movement and Marching
Skirmishers may freely change direction and pivot during normal movement and marching.

Charging with Skirmishers
During a Charge, they follow the charge criteria, therefore may change direction only once and must follow the shortest path to the closest visible model in the target unit.

The closest model in the charging unit moves first:
•    A single pivot must be made as early as possible in order to contact the nearest model in the charged unit via the shortest route.
•    Move straight, with your front facing directly forward, into base contact.

Charging Skirmishers with Skirmishers
The first moving model forms the center of the fighting rank upon contact. Other charging models have to form up (see below) in even numbers to the left and the right of that model. Maximum one model may be added in excess to that unevenly to one side. Against skirmishers you maximize only against the first contacted model of the enemy unit; adjust the path of the first charging model if it brings more of your models into base contact with the first contacted model. You do not have to alter your charge path in order to maximize the number of models in the enemy unit's fighting rank.
Skirmishers Charging formed units
When charging formed units, each model charges individually to form up (see below) to the charge target and form the fighting rank, so they can actively maximize base contact. Therefore, you have to prioritize base contact over the shortest route.

Units in Formed Formations (Open Order, Close Order etc.) charging Skirmishers
Any unit charging a unit of Skirmishers must take the shortest route to contact the closest visible model. The Skirmishers then form up (see below).

Forming Up (as charger against the enemy unit, building the fighting rank or if charged)
During Forming up, Skirmish models move in an order of their controlling player's choosing. They may move through friendly models and may pivot (once if charging). They form up edge to edge, front corner to front corner against the enemy fighting rank or behind if they have not sufficient movement. No model may move further than their M value, or their M value + the charge roll when charging. All Models unable to fully reach their required position in the ranks are removed as casualties (if the first model contacted is removed, others can still try to form up).",07.10.2026,"Formed Units Charging Skirmishers CRB 186
Directly Towards CRB 92",07.10.2026 first test
11,clarification,4-2 Combat Phase Calculate Combat Result,Challenges,Do Excess Wounds from Multiple Wounds (X) count for Overkill vs. non-Character models (Champions)?,"Yes. All Challenges, both vs. Characters and Champions allow Overkill, so excess wounds from multiple wounds should be counted against Champions as well. Champions are treated as Characters for this Purpose.",07.10.2026,"Hits that Inflict Multiple Wounds CRB 143
Multiple Wounds (X) CRB 175
Overkill and Champions GW FAQ 1.5.1 11
Overkill CRB 211",07.10.2026 first test
12,faq,0 General Rules,Characters,What happens when only characters (excluding champions) are left in a unit?,"The unit immediately ceases to exist.

Treat the characters as units on their own and use the lone character rules if applicable.

In combat, any attacks on lower initiative steps may be allocated to those characters according to the rules for multiple units in combat.

Out of combat, the surviving characters and nearby units must make Panic for ""nearby friend destroyed"" if the US of the destroyed unit was high enough (including the surviving characters). Surviving characters who fail their Panic will Fall Back in Good Order. Any special rules of the unit cease to exist (characters still have their own special rules). If a spell was only on the unit (not being cast by self range by one of the characters), the characters lose the effect of that spell.",07.10.2026,Characters & Units CRB 207,07.10.2026 first test
16,clarification,0 Faction Rules,Special Rules,"If a model makes some sort of special attack, like Slayer Deathblow, Nurgling Attacks or Blood of Hashut, do Special rules of that model that apply to its normal attacks also apply to these attacks?","Unless the special rules states Weapon Attack (Armour Bane) and the attack is not made by a Weapon, all special rules translate onto these attacks",07.10.2026,Dwarves Slayers of Legends FoF 17,07.10.2026 first test
18,faq,4-1 Combat Phase Choose Combat & Determine Who Can Fight,Characters,Can a model that is only in base contact with a champion or a character allocate attacks to the unit itself or does it have to allocate all attacks to the champion or character?,"Yes, the rules which force units to allocate attacks are only relevant for multiple units, but characters and the unit forme one single unit, you can allocate attacks to the unit.",07.10.2026,Choose Combat & Determine Who Can Fight CRB 145 - 146Multiple Units in Combat CRB 147Characters in Combat 209,07.10.2026 first test
19,faq,4-1 Combat Phase Choose Combat & Determine Who Can Fight,Basic Rules,"The Fighting Rank. How do you determine the number of attacks of a model with closing in and stepping forward? How does the new FAQ, affect this? How are casualties removed in combat? How does this affect the number of attacks a unit can make?","Which models can attack and the number of attacks those models can make is determined in step 1.1. Per the combat phase sequence (as this step is not repeated) this is not revisited and largely does not change during a fight (this is also known as the ""Combat Lock"" or ""Combat Freeze""). The FAQ about Press of Battle and Stepping forward from a fighting rank into another creates a clear exception to this norm: Models that were already in a fighting rank and determined to have been able to fight in step 1.1., can still make any remaining attacks they have after stepping up as they are closing in. In addition, if stepping up and closing in brought them into base to base contact with the enemy they may make their full number of attacks rather than just a singular attack  in order to  ""maximizing their number of attacks"".

For all other cases, the number of attacks is not changed when models Step Forward, move to replace characters that retire from the Fighting Rank, or change position in the unit due to shrinking units or other reasons.

Casualties are removed among models that can fight (within M"") and from the ends of each rank (owner chooses from which end for every casualty):
- Firstly, from the first fighting rank,
- secondly, from the second fighting rank (if applicable),
- thirdly, from models making supporting attacks (if applicable),
- finally from models of the unit that cannot fight.
Remove actual models from the rear (mark the models counting as casualties). Once you removed your first casualty and if the back rank is incomplete, you must continue to remove models from the same direction in the rear rank.

Remember that a model that steps up into a different fighting rank due to casualty removal must allocate its attacks only against an enemy unit that it could have attacked prior to stepping up and models that step up into fighting ranks from outside cannot attack t all (as determined in 1.1)",07.10.2026,"Stepping Forward CRB 102
Supporting Attacks CRB 145
Excess Casualties CRB 150
Choose Combat &Determine Who Can Fight CRB 145ff
Stepping Forward & Closing In CRB 150
GW FAQ",07.10.2026 first test
20,faq,4-4 Follow Up & Pursuit,Characters,Can a character that falls back in good order use evade?,"No, the Pursuit Move is still part of the combat. Until the end of Step 4 both units count as being engaged in combat for this purpose.",07.10.2026,"Pursuit CRB 156
Evade CRB 206",07.10.2026 first test
23,faq,4-1 Combat Phase Choose Combat & Determine Who Can Fight,Challenges,Does a champion in a unit with a single Rank open a new rank when refusing a challenge.,"No - A challenge can only be declined if all models able to accept it are able to retire to positions outside of the fighting rank, without creating a new rank.

In the case of a single rank unit engaged in the front, this is not possible and the challenge must be accepted. If the unit is engaged in one flank only, the challenge can be declined as the champion or character is able to retire to the other flank.

In the case of a unit with two fighting ranks (due to press of battle), the challenge can only be declined if there is a third rank the character or champion can join.",07.10.2026,"Refusing a Challenge 210
Nowhere to Run CRB 211",07.10.2026 first test
28,clarification,0 General Rules,Armybuilding,"If there are multiple selections for the restriction „0-1 unit may…“. Can multiple units take one of the selections each, or can only one single unit have one or more of these selections?","Multiple units can have one or more of these selections, but no selection can be taken more than once in this case.",07.10.2026,Army Composition,07.10.2026 first test
29,clarification,0 General Rules,Scenarios,Are victory points cumulative if a unit flees and is below 25% of its starting size?,"You take the maximum of points, in this case 50% for a fleeing unit",07.10.2026,Dead or Fled MPG 19,07.10.2026 first test
32,clarification,2 Movement Phase,Magic,Phantasmagoria Spell - Does it count for out of movement phase movements? Does it trigger if you don't move?,It will trigger for any movement (in or out of phase) that ends within range - but it will not trigger if you choose not to move.,07.10.2026,Phantasmagoria CRB 325,07.10.2026 first test
36,faq,0 General Rules,Magic,How do Items interact that let you throw an additional dice and discard the lowest and items that enforce you to roll an additional dice and discard the highest? Do they cancel themselves out so you just roll 2 dice or do they make you roll 4 dice discarding highest and lowest (making double 1s even more likely),"You would roll 4 dice, discarding the highest and the lowest.",07.10.2026,Power Scroll CRB 343,07.10.2026 first test
40,faq,2 Movement Phase,Magic,"Can a unit using the Fly(X) special rule pass freely without penalty above areas ""treated as"" or ""counting as"" difficult, dangerous or impassable terrain due to the effect of a spell (in particular Magical Vortex)?","No. Fly(X) allows the unit to move over physical terrain features without penalty, but Magical Vortexes and areas affected by a spell are not terrain features. ""Magical Vortexes are considered tall enough to affect even models flying high above the battlefield"", so units that Fly through them or their area of effect are affected as any other unit (e.g. -1 to movement, low dice if charging, dangerous terrain tests, blocked by impassable, damage from vortexes).",07.10.2026,Magical Vortexes GW FAQ 1.5.1 8,07.10.2026 first test
45,clarification,2-3 Movement Phase Compulsory Moves,Basic Rules,"If a unit is returning after pursuing /charging off the battlefield, does it need to be placed more than 8"" away from enemy units as per ambushers rules.","No, this is restriction is when the position is chosen. The position for returning is as close as possible to the point at which it left the battlefield in a legal position (e.g. 1"" away from enemy units and not on top of own units",07.10.2026,Pursuit off the Battlefield CRB 157Ambushers CRB 166,07.10.2026 first test
48,clarification,0 Faction Rules,Magic,"Does warpstone token trigger only on a D6 roll of a natural one. Or does it trigger on a 1,2 on the D6.",A Natural roll of 1 on a D3 is a 1 or 2 on a D6,07.10.2026,Skaven,07.10.2026 first test
50,faq,2 Movement Phase,Basic Rules,How is the distance of a wheel measured?,"It is measured by taking a straight line from the outside front corner of the starting position to the outside front corner of the end position of the outermost model. For wheels that move over an angle greather than 90 degrees, measure the wheel in increments of (up to) 90 degrees.",07.10.2026,Basic Movement CRB 123 - 124,07.10.2026 first test
51,faq,2 Movement Phase,Basic Rules,How is he rear corner defined that is allowed to move through units (from the previous FAQs),If there is no alternative a unit can move through other units as long as the front edge is not touching the other unit.,07.10.2026,Wheel through another unit GW FAQ 1.5.1 9,07.10.2026 first test
53,faq,2-3 Movement Phase Compulsory Moves,Special Rules,Can a Model with the special rule Random Movement use Fly (X) to move over units?,"No, Random Movement is not based on the movement characteristic, hence the unit cannot use the special rule Fly(X). Random Movement Units move in the compulsory movement phase and therefore neither march, charge or manoeuvre.",07.10.2026,Random Movement CRB 176Fly (X) CRB 170,07.10.2026 first test
55,clarification,2-4 Movement Phase Remaining Moves,Basic Rules,"How do you perform a turn, with non square bases, e.g. Cavalry as the Models would overlap.",Turn the center model to keep the unit center the same and then align all other models accordingly so that the number of previous ranks are the current files and vice versa (given they have enough movement to conduct this maneuver),07.10.2026,Manoeuvres Turn CRB 124,07.10.2026 first test
57,faq,3-1 Shooting Phase Declare Target,Special Rules,"When using Evasive, how does it interact with Targeting, Magic Missiles, Bombardment, Cannon Fire and Line of Sight?","Evasive can be used after a  unit has been targeted by shooting. If the unit evades out of LOS or out of range, the attacks are lost. The following exceptions and special cases apply:
- Bombardment: You Target the unit by placing the template over it. If the unit uses Evasive, the template will not move with the unit, but will be resolved at the initial positon.
- Cannon Fire: If you target the enemy model, and the model moves by using evasive, the model and the target point are still separate entities. As you determine the target point in step 1, choose target point, which is the same as targeting, the point is then fixed on the initial position of the models base edge, similar to Bombardment - ""once you have chosen your target point"" puts marking the target point and targeting on the exact same step. The shot will always be conducted from the target point.
- Magic Missiles: Use evasive before the casting roll is even made, after the target is announced. The wizard then may chose to not make the casting roll. (""unit may continue with its shooting as declared"")",07.10.2026,Evasive CRB 168,07.10.2026 first test
58,clarification,3 Shooting Phase,War Machines,"If a cannon can see a large target over other models, can it choose a target point that it cannot see due to the presence of intervening models?","No, a cannon must have LoS to its target point. It could target the edge of the large target's base, but intervening models block LoS to points on the ground. If the cannon is on a hill or is a large target itself, then it can see over intervening models accordingly.",07.10.2026,Cannon Fire CRB 226,07.10.2026 first test
66,clarification,0 Faction Rules,Special Rules,Does hawk-eyed archer allow you to target war machine crew?,"No, as the war machine and crew are actually 1 model, with split stats based on the type of attack. You will always make these attacks vs the war machine profile when doing ranged attacks",07.10.2026,Wood Elves Hawk Eyed Archer FoF 123,07.10.2026 first test
67,faq,3 Shooting Phase,Basic Rules,"What is Shooting or a Shooting Attack?
Can i use special rules that grant abilites to be used in the Shooting Phase after Marching or Charging?
What about evasive or lone character protection against such abilities?","Besides the attacks with Missile weapons units do when selected in the shooting phase for shooting, the following abilities are considered to be shooting or shooting attacks:
- Abilities that inflict hits, wounds suffered or wounds lost against a target are shooting attacks
- Magic Missiles and Vortexes are defined as shooting, if they have a target or not
- Any ability that is introduced as ""shooting "" or ""instead of shooting normally"" or an ""attack in the shooting phase"" or being ""used in the shooting phase"" (Column of Fire, Pidgeon Bomb, Wailing Dirge, Breath Weapon  etc.) is shooting

Anything else happening in the Shooting Phase is not a shooting attack (Zzzap! Ability of the Doomwheel)

You cannot use a Shooting Attack or Shooting after you marched (including abilities that can be used in combat like Wailing Dirge or Storm Call)

Evasive and Lone Character Protection can be used against:
- Any of those abilities affirmed to be shooting/attacks above that have a single target unit/model (and normal shooting)
- Breath Weapons and any of those abilities with intended target, if the unit to be protected or using evasive is the intended target. The intended target is the unit you aim to hit the most models possible of. This means you cannot try to hit a character if that means you hit less models of the intended target unit.
- Cannon Fire and Column of Fire can only have evasive used against them if the target point/template lies on a models base.

Evasive and Lone Character Protection cannot be used against any of those abilites that have no target (Burning Gaze, Gaze of Gork, Strangleroots, Cannon Fire if the target point was not on the models base).",07.10.2026,"The Shooting Phase CRB 136How Many Shots? CRB 137Look Out Sir CRB 199Look Out, Sir CRB 209Wailing Dirge",07.10.2026 first test
71,faq,3-2 Shooting Phase Roll to Hit,Basic Rules,"Does the entire unit count as moved when determining the shooting penalty, or is it determined by individual models?","It is determined by individual models. Note that marching applies to the entire unit, except for a character who joined a marching unit but did not march himself.",07.10.2026,Movement & Manoeuvre CRB 185Moving and Shooting CRB 139,07.10.2026 first test
72,faq,3-4 Shooting Phase Remove Casualties & Make Panic Tests,Basic Rules,"How do you remove models ""as equally as possible"", for example from shooting against Motley Crew Units",You can determine one model after the other by dividing the number of remaining models in each group by the number of models in that group removed already plus 1. The higher number will be the group of models where one model needs to be removed. In case of tie the attacker decides. So if you have 8 Models Group A and 2 Models Group B you would remove: A A (A or B) (B or A) A A (A or B) (B or A) A A,07.10.2026,Motley Crew CRB 174Characters & Shooting CRB 209Unstable,07.10.2026 first test
73,clarification,3 Shooting Phase,War Machines,"Does a unit need to be fully withn 12"" to be save from a Stone Thrower Shot or is partially within sufficient as you always determine thecloses distance for range.","As soon as the closest part is within 12"" the unit can't be shot",07.10.2026,Measurement CRB 92Minimum Range CRB 212Bombardment CRB 224,07.10.2026 first test
76,faq,0 Faction Rules,Special Rules,"Can the rules Shield of the Lady and Verminous Valour, which both allow a character to ‘retire’ by ‘moving through the ranks’, be used outside of combat? These rules specify they can be used 'at any time', but also directly refer to 'the fighting rank' and 'the combat', and the rule for 'moving through the ranks’.

When must retired characters (from Refusing a Challenge, Too Many Characters, Shield of the Lady or Verminous Valour) ""un-retire"", a.k.a. return to their original (front rank) position?

What happens when a unit falls below Unit Strength 10 after a Handmaiden retires to the rear rank of that unit?","These rules directly refer to 'the fighting rank' and 'the combat' which only apply in combat, and involve 'moving through the ranks' which requires the unit to be engaged and the character to return to its original position as soon as it disengages: Unretire when the unit is not engaged in the current combat anymore, provided that that combat does not continue due to a Follow Up or Pursuit move (GW FAQ confirmed that an ongoing challenge continues in that case).

Note that you cannot use it as a reaction on already stated or announced actions. This means while resolving a combat you have to use it at the end of an initiative step, before targets of models' attacks are announced. You can use it outside of resolving the combat at any time, given the unit is engaged in combat.

Note that the Unit Strength 10 condition for shield of the Lady is checked at the moment the Handmaiden retires to the rear rank. If the condition is met at that time, the Lady’s effects remain active until the combat ends, even if the unit later falls below Unit Strength 10.",07.10.2026,Skaven Verminous ValourBretonnia Shield of the Lady,07.10.2026 first test
77,clarification,0 Faction Rules,Special Rules,"Some abilities grant bonuses to a characteristic, up to a maximum value. Some grant bonuses with no mention of a maximum value. When used together, how do they interact? How does it interact with Strike Last, Strike First or abilities that set characteristics to a certain value?","Set the Initiative first to the value (1 in case of Strike Last). Any limitation is applied at the end of characteristic calculation. If there are no limitations on the characteristic from any source, you can go above 10. Note that no characteristic can go below 0 (see pg. 97 Characteristics of Zero). Models with Initiative 0 attack in Initiative order, after all attacks with initiative 1, including stomp attacks.",07.10.2026,"Model Profiles CRB 96 - 97
Tomb Kings My Will Be done RH 126",07.10.2026 first test
78,faq,0 Faction Rules,Special Rules,Can I stack Casket of Souls Covenant of Power?,No. The rule grants the bonus if you are with a casket. If there is 1 or multiple Caskets doesn't matter,07.10.2026,Tomb Kings Casket of Souls RH 148,07.10.2026 first test
81,clarification,0 General Rules,Special Rules,Is there a difference between rules that say you suffer a wound and ones that say you lose a wound?,"Suffering a wound allows armor and ward saves if not specifically ruled otherwise. Losing a wound means the model loses the wound without any saves allowed. Note that you can use the regeneration special rule when a wound is lost (except for Unstable, where regeneration is not allowed).",07.10.2026,Regeneration GW FAQ 1.5.1 3,07.10.2026 first test
82,faq,3-4 Shooting Phase Remove Casualties & Make Panic Tests,Basic Rules,When does a unit test when suffering Heavy Casualties.,Immediately after the attacks that caused the losses are performed the unit need to test. Could lead to situations where a unit also FBIGO despite losing additional losses afterwards that would make them to be < 50% and flee,07.10.2026,Psychology of War Heavy Casualties CRB 161,07.10.2026 first test
83,faq,4-3 Combat Phase Break Test,Basic Rules,"When a Unit Gives Ground, do you move them in a straight line or center to center away from the enemy unit",The rule says directly away but no pivots or turns. This means you move center to center but keep the facing.,07.10.2026,"Directly towards, directly away CRB 92Give Ground CRB 134",07.10.2026 first test
86,faq,0 General Rules,Special Rules,"How do multiple instances of Multiple Wounds special rule stack, e.g. Multiple Wounds (D3) and Multiple Wounds (2)?","It would be D3 +1 as MW (2) is effectively Wounds (+1)
Poll 04-2026:
Q: Are multiple instances of the Multiple Wounds (X) special rule cumulative?
A: No: take the highest. The MW rule is not a value modifier but instead a redefinition of what an unsaved wound does.
B: Yes: as it states on page 165 ‚Cumulative Special Rules‘: ""the effect of the special rule in some way alters a characteristic, dice roll or any other value"". In this case the end result (the effect) of MW (a special rule) alters a characteristic (the wound characteristic).
In addition, unlike magic resistance or frenzy, there is no wording or faq that ‚notes otherwise‘. Hence MW(X) + MW(Y) = MW(X+Y).

Poll unclear",07.10.2026,Multiple Wounds CRB 176Cumulative Effects CRB 165,07.10.2026 first test
88,faq,0 General Rules,Special Rules,Against which models do the various instances of Hatred (X) apply?,"Some instances of Hatred are keyword-based, applying against models identified by a given keyword appearing on their Unit Card or in one of their Special Rules. These are: enemy Characters (Troop Type), enemy Wizards (typically identified in the Magic section of the Unit Card), Undead models (models with either the Nehekharan Undead or Necromantic Undead special rule), Daemonic models (models with the Daemonic special rule), and Daemons of Slaanesh/Tzeentch/Nurgle/Khorne (models with the corresponding Daemon of... special rule).

Other instances are faction-based, applying against all models belonging to a given faction. In several cases, the rules use legacy Warhammer Fantasy Battles faction names as shorthand (or as an unchecked carryover): Orcs & Goblins (Orc & Goblin Tribes), Dwarfs (Dwarfen Mountain Holds), High Elves (High Elf Realms), Empire (Empire of Man), Beasts of Chaos (Beastmen Brayherds).

Units taken as Mercenaries or Allies belong only to their own faction (if any) for the purposes of Hatred. By contrast, if a unit is fielded as part of another faction's Army Composition List (excluding Mercenaries and Allies), it is considered to belong to both its own faction and the host faction for the purposes of Hatred. For example, Black Orcs fielded in a Chorfs army belong to both O&G and Chorfs; a Chaos Giant fielded in a WoC army belongs to both BB and WoC; a Chaos Spawn fielded in a BB army belongs to both WoC and BB.

Note that, unlike Hatred (X), Fear of Elves is a race-based rule. The rule explicitly states that Elves “of any type” cause Fear, making clear that it applies based on a model's race rather than a keyword or faction classification.",07.10.2026,Hatred CRB 171,07.10.2026 first test
89,clarification,0 General Rules,Characters,"Do Characters and Crews benefit from the special rules of its mount and vice versa? If a Character uses an item, spell or ability that specifically affects the caster, does the caster's mount (including chariot crew etc.) benefit from that spell? Can champions use these items?","Unless noted otherwise, the split profile mechanics make any special rule that applies to one element (chariot, character, crew or beasts) apply to the others as well.
Special Rules are shared- both positive and negative.

The same is true for all effects that affect the ""model"" or ""unit"", such as Daemonic Vessel.

However, if a spell, item or ability that is not a special rule specifies the caster or character (wearer or bearer) (such as Mantle of Ghorok, or Potion of Fervour) gaining an effect will only affect the character (or champion) itself and not their mount or any components of that split profile model.",07.10.2026,Split Profiles CRB 97Mounted Characters CRB 204,07.10.2026 first test
98,clarification,4-2 Combat Phase Calculate Combat Result,Special Rules,How many wounds are counted for Combat Result/Overkill when models are killed with Killing Blow,Each attack that inflicts Killing Blow or similar ability inflicts a number of wounds equal to the remaining wounds of the model. Excess wounds with Killing Blow count in challenges as one single wound.,07.10.2026,Multiple Wound Models CRB 102Killing Blow CRB 172Killing Blow GW FAQ 1.5.1 7,07.10.2026 first test
103,clarification,0 General Rules,Special Rules,The rule say that Magic Resistance doesn't stack. Does this count only for multiple models or does it include single models?,Magic Resistance from various sources or multiple items doesn't stack for single models unless it is explicitly stated (like Obsidian Lodestone stacks with itself),07.10.2026,Magic Resistance CRB 173Obsidian Lodestone CRB 341,07.10.2026 first test
104,clarification,0 Faction Rules,Special Rules,Do the modifiers for several Mortis Engine stack? How often do you roll on the Miscast table when you are in the Commanding Range of 2 Mortis Engines?,"Given that the rules say you get the bonus if you are in range of ""this model"" the modifiers do stack for several Mortis Engines. In case ogf a Miscast an absolute number of rolls is given. So you roll twice no matter how many Mortis Engines are in range.",07.10.2026,"Vampire Counts Mortis Engine 17
Accursed ReliquaryBlasphemous Tome",07.10.2026 first test
105,faq,0 Faction Rules,Special Rules,How does the 'Resurrecting the Fallen' ability work with units in Skirmish formation?,"Just as GW FAQ states, you have to add th emodels in coherency. Since all skirmishers are resurrected at the same time, each model added has to be in coherency with another model of the unit that was already present before the resurrection.",07.10.2026,"Vampire Counts Invocation of Nehek 5
Tomb Kings Arise! RH 128
Resurrecting the Fallen RH 154
Resurrecting the Fallen Vampire Counts 28",07.10.2026 first test
106,faq,0 General Rules,Basic Rules,"Does the controlling player choose the direction before or after rolling the distance for a spell, effect, or model (such as a fanatic) that moves in a random distance?","Choose before rolling. RAW is ambiguous, and the functional difference is minimal. This is less a ""correct"" answer and more of having something in place to keep the game flowing.",07.10.2026,FanaticsMagic Vortex,07.10.2026 first test
113,clarification,0 Faction Rules,War Machines,"Some weapons shoot like a war machine, such as the Cygor's Hurl attack and the Steam Tank's Steam Cannon. Both state, ""If a 'Misfire' is rolled on the Artillery dice, this model loses a single Wound (instead of rolling on a Misfire table)."" If a Misfire is rolled, is the attack still successful?","No. Not explicitly RAW. However, a Misfire result does not provide a numeric value that you need to carry out the attack. All results on a Misfire table result in the attack failing, and this seems like a reasonable extrapolation.",07.10.2026,Empire Steam Tank Steam Cannon FF 69Beastmen Brayherds Cybor Hurl Attack RH 107,07.10.2026 first test
115,faq,2-1 Movement Phase Declare Charges and Charge Reaction,Special Rules,"When a unit that causes Terror declares a charge, when is the Leadership test taken and how is a failed test resolved? How does this interact with multiple charges?","When a unit that causes Terror declares a charge, the target must immediately take a Leadership test, before any further charges are declared. If the test is failed, the unit must declare Flee as its charge reaction. The flee move is resolved as normal, together with the other charge reactions. In the case of multiple charges, as the unit has declared Flee, it flees from the charging unit with the highest Unit Strength, following the normal rules for multiple charges. Note that Terror tests are not limited to one, so if multiple units with Terror charge, you have to pass multiple tests.",07.10.2026,"Terror CRB 179
Charge Reactions Flee CRB 120",07.10.2026 first test
119,faq,0 General Rules,Special Rules,"Can Units adopt Special Rules or Formations that would prevent characters from joining them, while joined by such a character? (for example: grail pilgrims becoming unbreakable while joined by a non-unbreakable character or units in open order reforming to skirmishers while joined by a character of a different sub-type or troop type).","The character must first leave the unit, before the unit may adapt skirmish formation. If the character already joined the unit prior to the special rule coming into effect, the whole unit including the character gets to use the special rule.",07.10.2026,Characters & Units CRB 207,07.10.2026 first test
122,clarification,0 General Rules,Basic Rules,"Is nudging units (because of rules like the 1"" move and the shrinking units rules during combat) considered when determining whether a unit has moved ? For instance for Dangerous Terrain, Drilled and Lumbering rules, or the malus to shoot if the unit has moved ?",No,07.10.2026,,07.10.2026 first test
124,faq,0 Faction Rules,Special Rules,"When do you place your additional wood from ""Woodland Ambush"" rule.","After deciding the sides, but before deploying any unit.",07.10.2026,Wood Elves Woodland Ambush FOF 145,07.10.2026 first test
125,faq,2-2 Movement Phase Charge Moves,Basic Rules,Do you need to maximize the number of models in combat or take the shortest route if that means that the unit charges two units or has the rule that you only charge one unit takes precedence over maximising.,"If you can avoid charging two units you have to do so, event if that means you cannot maximise or take a longer route. Please note that completing the charge has priority. So you would charge two units if that is the only way to charge successfully.",07.10.2026,The Charge Move CRB 126Multiple Charge Targets CRB 130,07.10.2026 first test
127,clarification,0 General Rules,Characters,What are exactly the conditions to meet to buy a magic armour on a character?,"To buy a magical shield, your character must be (or has the option to be) equipped with a shield. To buy a magical suit of armour, your character must be (or has the option to be) equipped with any suit of armour (light/heavy/plate), natural armour (such as calloused hide) excluded. To buy any other magical armour that is not an suit of armour or a shield, your character must be (or has the option to be) equipped with either a shield or any armour, natural armour excluded.I.E. a skink priest cannot be given any kind of magical armour even if it has calloused hide",07.10.2026,Magic Armour CRB 340,07.10.2026 first test
128,faq,0 General Rules,Armybuilding,When do you choose the Lore for an Arcane Familiar (or Wizarding Hat)? When do you choose how many spells are rolled from each Lore if knowing more than a single Lore?,"The chosen Lore has to be noted in the army list. When randomly generating spells, first declare how many spells you want to generate on each Lore. Roll separately, re-rolling duplicate spells for each Lore. A single randomly generated spell can be replaced with the signature spell of the same Lore, or with a spell from the army lore the wizard may have",07.10.2026,"Arcane Familiar CRB 343
Wizarding Hat",07.10.2026 first test
130,faq,2 Movement Phase,Special Rules,How do you reform a unit from Skirmish Formation to Close or Open Order?,"If you reform from skirmishing formation, maintain the centre of the unit as good as possible and rank all models up around that point. You may freely chose the facing of the unit. Place command group models accordingly. Every model may move up to twice its movement characteristic as stated under maneuvers. Remove any skirmishers as casualties that are not able to rank up.",07.10.2026,Skirmishers CRB 185 – 187Maneuvers CRB 124Reform CRB 125GW FAQ,07.10.2026 first test
131,faq,0 General Rules,Skirmishers,How does a unit reform from a ranked formation into Skirmish formation? Do models spread out to do so?,No models are moved during the reform into skirmish formation - leave all models in the unit in their exact same position and simply inform your opponent that they have reformed into skirmish.,07.10.2026,Skirmishers CRB 185 – 187 GW FAQ,07.10.2026 first test
133,clarification,0 Faction Rules,Special Rules,Can a model with the Grail Vow benefit from it's Ward save when facing another Bretonnian Army?,"Yes, the army cannot pray to receive the Blessing. Models with the Grail Vow already have the Blessing before the Battle.",07.10.2026,"Bretonnia Blessings of the Lady FOF 107
Bretonnia Grail Vow FOF 108",07.10.2026 first test
134,faq,2 Movement Phase,Special Rules,What is considered the front and rear corner of a unit in Lance Formation for the purpose of determining if it can pass through other units?,"For this purpose, the front edge of the second rank and the model in the first rank cannot pass through units. The rest of the unit can wheel through other units as the models would take a direct route as described in the GW FAQ.",07.10.2026,Bretonnia The Lance Formation FOF 110 - 111,07.10.2026 first test
136,faq,4-1 Combat Phase Choose Combat & Determine Who Can Fight,Special Rules,Who can allocate attacks to a single model in a Lance Formation?,"Models that are physically in base contact with a character or champion may allocate their attacks to that model (usually the tip of the Lance and the models it physically makes contact with). Models that are not physically in base contact with the Lance are considered to be in base contact with the Lance unit, and vice versa, but not with any singular model in particular.",07.10.2026,Bretonnia The Lance Formation FOF 110 - 111,07.10.2026 first test
137,faq,2-2 Movement Phase Compulsory Moves,Special Rules,A unit with random movement arrives as reinforcements or with the ambushers special rule during the compulsory moves sub-phase. Can this unit move during this sub-phase ?,"Yes, it did not move yet using its random movement rule. Please note that if the model is able to make contact with an enemy unit it may do so and counts as having charged.",07.10.2026,"Reinforcements CRB 134
Accidental Contact CRB 131
Pursuit off the Battlefield CRB 157
Random Movement CRB 176",07.10.2026 first test
138,faq,0 General Rules,Scenarios,When do you need to decide or declare if a unit is scouting?,"You don't need to declare it in advance. Units with the Scout ability can be deployed at any point during the regular deployment phase, up until characters are deployed.",07.10.2026,"Scouts CRB 188
Deployment CRB 285",07.10.2026 first test
139,faq,0 General Rules,Special Rules,The Veteran rule grants a reroll for Leadership Tests. Can you also reroll tests made 'against the unit's Leadership characteristic' (e.g. Panic Tests)?,Yes,07.10.2026,Leadership Tests CRB 97Veterans CRB 180,07.10.2026 first test
140,faq,0 General Rules,Characters,"Is a character that joins another unit still considered a unit for any rules purpose? What about special rules that unit has, but the character hasn't or vice versa?","They form together a single unit. Whenever the word 'unit' is mentioned in a special rule the unit already has or when the rule comes from a magical banner in that unit, apply rules for both the character and the unit he joined.

Special Rules a character has only apply to the unit if ""and any unit they have joined"" is mentioned or similar.

Please note that some special rules could cease to apply if a character without a special rule joins a unit or vice versa (e.g. Counter Charge).

Special rules that affect models or weapons do NOT translate from one model to the whole unit or vice versa (a unit with poisoned attacks will not give the character poisoned attacks when joining).

Special rules that only need the majority of models to have the special rule will work (e.g. Reserve Move).

If a character that casted a spell or used an ability ""that affects the caster and any unit he has joined"" leaves a unit after casting that spell/using the ability, only the caster has the effect, but if he joins another unit, that unit will benefit from that effect too.

if a unit with a character becomes the target of a spell that grants them a Special Rule or Ability, the character can benefit from it while it has joined the unit even if the Special Rule or Ability would prevent them from joining, but will lose it the moment it leaves the unit.

If all the models of the unit are removed as casualties, the unit ceases to exist immediately, and the character loses the Special Rule or Ability.

Anyway, if a character moved or marched before joining a unit, the unit will not count as moved/marched and vice versa.",07.10.2026,Characters CRB 205 - 210,07.10.2026 first test
144,faq,0 Faction Rules,Basic Rules,"If the single-use effect of a magic weapon, such as Wollopa’s One Hit Wunda, has not been used or has already been expended, can the wielder choose to use a different mundane weapon instead during combat?","No, Wollopa’s One Hit Wunda continues to count as a magical hand weapon even after its single-use effect is expended. Since it remains a magic item, you are not permitted to switch to another mundane weapon in that combat. Remember, general rules for switching weapons between rounds of combat still apply.",07.10.2026,"Single use magic items CRB 337
Wollopas One Hit wunda RH 43",07.10.2026 first test
145,faq,4-1 Combat Phase Choose Combat & Determine Who Can Fight,Basic Rules,"What happens when you charge a unit in the rear with an incomplete rank and kill all models in that rank? Do the models in the ""new"" rank can attack since they did not step forward nor were killed?","No, only those models can attack in their initiative step that were projected into the fighting rank before and weren't killed during prior attacks. To make it easier, you can determine the fighting rank for rear charges at the beginning of the combat, after characters have moved and challenges have been called.",07.10.2026,Choose Combat & Determine Who can fight CRB 145ff,07.10.2026 first test
147,clarification,0 General Rules,Characters,Can a mounted Character on light chariot (that has to adapt open order formation from its mount) joins a unit that has adopted close order formation?,"Yes, the rule for mounted character formation ceases to apply as soon as he joins the unit and ceases to be an independent unit - the character will adopt the units formation.",07.10.2026,Characters & Formation CRB 205,07.10.2026 first test
149,faq,0 General Rules,Special Rules,"Do other special rules also applies to units that are not yet on the battlefield (or that have left the battlefield for a turn) ? For instance, do they have to roll for Stupidity at the Start of turn sub-phase ? Can they roll for Gaze of the Gods at the Command sub-phase?","Units don't count as long as they are not on the battlefield, they don't get to use their special rules.",07.10.2026,,07.10.2026 first test
153,faq,4-1 Combat Phase Choose Combat & Determine Who Can Fight,Basic Rules,"Can models acting on the same Initiative step, rolled one after another, decide to react to changes in the positions of characters, or decide one by one whether to strike at a character or the unit?","No, all attacks at the same Initiative step are considered to happen simultaneously. Therefore, changes in the positions of characters, such as a handmaiden retiring after striking, do not affect the resolution of other attacks on that Initiative step. Models attacking on the same Initiative step can still target the character as if she were in her original position.",07.10.2026,,07.10.2026 first test
157,faq,0 General Rules,Characters,"Are characters without special rule Vanguard, pre-deployment, permitted to Vanguard after joining a unit, post-deployment, with a banner that gives said unit the special rule Vanguard?","Yes, if the banner explicitly grants the Vanguard special rule to the entire unit then the character can Vanguard. However, the GW FAQ clarifies that a character does not gain Vanguard if it joins a unit that has the rule only in its profile. This distinction arises because Vanguard in a unit’s profile does not automatically extend to joined characters unless specifically stated by an upgrade, like a banner, that applies to the entire unit.",07.10.2026,GW FAQ,07.10.2026 first test
159,faq,3 Shooting Phase,Characters,"Can a cannonball hit a character, which has joined a unit with 5 or more rank and file models?","Yes, since a cannon ball hits a model and not the unit, the character is hit (targeted by an attack that allows a specific model within the unit to be targeted). If there are 5 or more rank and file models that character is allowed to make a Look Out, Sir! - roll. This also applies to unit champions or special models within units.",07.10.2026,"Cannon Fire CRB 226
Characters & Shooting CRB 209",07.10.2026 first test
160,clarification,2 Movement Phase,Basic Rules,"If a unit decides to rearrange its ranks during a reform maneuver, is it limited to 5 models similar to redress the ranks?","No, but no model is allowed to move further than double its movement characteristic during a reform.",07.10.2026,Manoeuvres Reform CRB 125,07.10.2026 first test
162,faq,0 General Rules,Armybuilding,"There are a some items, which have restrictions for ""characters"" regarding the acess or the use of these items. Can unit champions with access to magic items buy or use these items?","If the type of character is not specified further (for example ""beastmen chieftain only or necromancer only""), champions are allowed to take and use these items with the same restrictions. If the items have any restrictions that apply generally to Characters, those restrictions also apply to non-Characters models that can take the items.",07.10.2026,,07.10.2026 first test
163,faq,4-4 Follow Up & Pursuit,Special Rules,"What happens when a unit with Random Movement makes a Pursuit, Overrun, Flee, Fall Back in Good Order, or conducts similar movements?","Only use Random Movement during the Compulsory Movement phase or any movement based on the unit's Movement characteristic. For all other movement types (e.g., FBIGO, fleeing, pursuing etc.), follow the rules for the relevant move type as stated in the rulebook, including distance rolls.",07.10.2026,"Random Movement CRB 176
GW FAQ",07.10.2026 first test
164,faq,0 Faction Rules,Special Rules,"What are the size restrictions for player-created terrain, such as the forest from Woodland Ambush or the Herdstone? Can these be asymmetrical, hollow, or other unusual shapes?","For player-created forests, they must be between 3"" at their narrowest and 9"" at their widest point, which limits most unusual shapes. The Herdstone must be no more than 6"" at its widest point, but has no minimum size or limits on unusual shapes. However, while there is no specific limitation in the rules, it is recommend that players check with the TO of their event before entering a tournament with a terrain piece that has a very unusual shape (especially if the shape is designed to provide a specific competitive advantage, such as a hollow herdstone) as it is common for TOs to disallow the use of these irregular designs.",07.10.2026,Woodland Ambush FOF 145,07.10.2026 first test
170,faq,1-2 Strategy Phase Command,Characters,Can a character that attempts to use an ability that requires a leadership test use the 'hold your ground' ability of an undead battle standard bearer to re-roll this test?,Yes,07.10.2026,,07.10.2026 first test
173,faq,4-1 Combat Phase Choose Combat & Determine Who Can Fight,Special Rules,"For monster handlers, is the D6 roll to check whether a wound removes a handler or makes the monster lose a wound only during combat, or for any unsaved wounds?","The roll occurs for any unsaved wounds, since the last phrase of the paragraph is also not related only to combat. The ""in combat"" only applies to the first phrase.",07.10.2026,Monster Handlers CRB 173,07.10.2026 first test
177,faq,0 General Rules,Characters,Which set of rules must be used for a character riding a behemoth with Howdah?,"Split profile (chariot mount), because Howdah references Split profile (chariots)",07.10.2026,Howdah CRB 171,07.10.2026 first test
178,faq,0 Faction Rules,Characters,Can Skaven Master assassins and Dark Elves Khainite assassins be hidden in a unit that is not deployed at the start of the game (for instance ambushers)?,Yes,07.10.2026,,07.10.2026 first test
179,faq,0 Faction Rules,Characters,When is decided the unit where Skaven Master assassins and Dark Elves Khainite assassins are hidden ?,When deploying characters,07.10.2026,,07.10.2026 first test
180,faq,4-1 Combat Phase Choose Combat & Determine Who Can Fight,Magic,Spectral Doppelganger - Which weapon can a model use for the spell? When are the hits of a Strike Last Weapon resolved? What happens if the caster dies before the attacks are resolved after he made the cast?,"Any melee weapon the model carries can be used, magical or not. For a Strike Last weapon, the attacks are resolved at Initiative 1, unmodified as the spell gives you a initiative value. If the caster dies before the attacks are made, the attacks will be resolved at I1.",07.10.2026,Spectral Doppelganger CRB 331 GW FAQ,07.10.2026 first test
181,faq,2-2 Movement Phase Charge Moves,Basic Rules,"What happens when a unit charges a unit and has no other choice but to charge in a way that a third (opponent) unit is within 1"" of the charging unit","Since charge moves are conducted in the movement phase, the 1"" rule comes to use and the units have to be nudged 1"" away",07.10.2026,"The 1"" Rule CRB 118",07.10.2026 first test
182,faq,4-1 Combat Phase Choose Combat & Determine Who Can Fight,Challenge,"Is a champion removed as a casualty when he is in a challenge and the whole unit is removed as a casualty, including an unsaved wound for the champion?","Yes, no Rule in champions ( 199) prevents the champion from being removed",07.10.2026,Champions CRB 199,07.10.2026 first test
183,faq,2-4 Movement Phase Remaining Moves,Basic Rules,Can a unit start / declare a march after it already made maneuver that you normally cannot use whilst marching?,"No it cannot, a unit either marches or does not march.",07.10.2026,Marching CRB 123,07.10.2026 first test
184,faq,4-3 Combat Phase Break Test,Basic Rules,Do you have to announce the use of your general’s leadership before a break or leadership test or after the test is done?,"Since the sequence for break tests clearly states rolling first and then comparing and checking later, you can roll first and then use Inspiring Presence or not, depending on the dice roll. For leadership tests, Inspiring Presence is optional too, since under Inspiring Presence ""can” is stated.",07.10.2026,Inspiring Presence CRB 203,07.10.2026 first test
185,faq,0 Faction Rules,Special Rules,"Can a Salamander Pack or a similar unit that is both War beasts and Regular infantry, benefit from Inspiring Presence ?","No, the War Beast Troop Type gives the unit the undisciplined special rule",07.10.2026,"Lizardmen
Beastmen Primal Wardogs",07.10.2026 first test
186,faq,2-4 Movement Phase Remaining Moves,Special Rules,Can units with the special rule dragged along be drawn by units with the special rule Fly (X)?,"Yes, use the movement distance in the brackets of Fly(X) but move the model dragged along on the ground - not using fly movement.",07.10.2026,"Dragged Along CRB 167
Fly (X) CRB 169",07.10.2026 first test
187,faq,4-1 Combat Phase Choose Combat & Determine Who Can Fight,War Machines,Does the multiple wounds (X) special rule work against war machine (crews) in combat?,The crew is a single profile that loses attacks as it loses wounds. Multiple wounds works against it.,07.10.2026,Split Profile (War Machine) CRB 197,07.10.2026 first test
188,faq,4-1 Combat Phase Choose Combat & Determine Who Can Fight,Special Rules,Motley Crew: When do you determine which casualties are removed in combat / what the majority of models is?,"Check at the beginning of each initiative step when attacks are made. Check the majority of models of both fighting ranks, first and second, for the majority of models and use their armour save. Then for all unsaved wounds, remove casualties among those which have a majority. Apply the principles of casualty removal (first rank eligible to fight first, then second, then support attacks, then stepping forward) only among the models who have a majority. This can lead to the case that models from the second fighting rank are removed before models in the first fighting rank. Models that do not belong the the majority of the fighting rank are only removed after all models of the unit that do belong to the majority of the fighting rank for each initiative step. Note that a champion that choses a wholly different weapon counts as a separate pool. In case of a tie, the controlling player decides which armour save to use and which models to remove (you have to remove the models of which you use the armour save).",07.10.2026,Motley Crew CRB 174,07.10.2026 first test
189,faq,4-3 Combat Phase Break Test,Basic Rules,"What happens when a unit that gives ground cannot move more than 1"" and will be within 1"" of a unit it is in combat with, be it because of terrain or other units?","Since giving ground is not possible, the units remain locked in combat, but all units move as far as possible and remain locked at the new position (see GW FAQ).",07.10.2026,Give Ground CRB 134,07.10.2026 first test
190,faq,0 Faction Rules,Special Rules,"Can a Champion that is not on the table (because he is in Ambush, or hold back as Reserves) Challenge or accept the Challenge of a Warrior Duel ?","Yes, nothing in the wording of the rule implies that the Champion's Unit of the Marauder or their opponent have to be actually on the battlefield to fight in the Warrior Duel.",07.10.2026,Warriors of Chaos Warrior Duel,07.10.2026 first test
193,faq,4-1 Combat Phase Choose Combat & Determine Who Can Fight,Low linear obstacle,Does a unit gain the benefit of a defended Low linear obstacle when the charging unit ends the charge move on top of the LLO in base contact to the unit or at a part of the unit where there is no LLO,"The last sentence only mentions Fly (X) as an exception, so a charging unit always suffers the disordered charge but only loses impact hits and stomp attacks and full attacks if it has no base contact/for models without base contact",07.10.2026,Low Linear Obstacle CRB 159,07.10.2026 first test
198,faq,1-3 Strategy Phase Conjuration,Magic,"If a spell or ability states “all units within y may” or “all units within y gain an effect”, what happens if a unit moves outside of Y or the caster moves?","All units that are within Y may benefit from that effect, given they are within Y at the time they want to use the effect (aka the effect moves with the caster for the whole duration of X).",07.10.2026,Hellish Vigour Khsar's Incantation of the Desert Wind,07.10.2026 first test
199,faq,2-4 Movement Phase Remaining Moves,Special Rules,"Can a Skink character join a Salamander Pack, a skirmisher unit which has both Regular infantry and War beast troop sub-types ?","No, since skink characters do not have both regular infantry and the war beast troop type.",07.10.2026,Characters joining Skirmishers CRB 185,07.10.2026 first test
201,faq,2-2 Movement Phase Charge Moves,Basic Rules,"Can you decide to alter the charge path of a charging unit to avoid discarding the higher dice to make your charge successful, if you would instead fail the charge because of the terrain (by rolling a 1 and a 6 on the charge roll for instance, in addition to -1 M)?",Yes. You define the path taken by the unit after rolling the dice (it's already the case for wheeling to maximise contact) because you must move by the shortest route possible to reach the charge target. Make charges happen if possible.,07.10.2026,The Charge Move CRB 126,07.10.2026 first test
202,faq,2-2 Movement Phase Charge Moves,Basic Rules,"Does the free wheel to align count in the charge move distance for the purpose of rules like Furious Charge and Impact Hits (reminder: When a unit wheels, every model counts as having moved as far as the outside model. Page 124)?","The free Wheel takes place after making contact. It is separated from the charge move, both for placement and initiative.",07.10.2026,"Aligning to the Enemy CRB 126
Who Strikes first? CRB 146",07.10.2026 first test
203,faq,0 Faction Rules,Characters,How many demonic gifts can a demon of chaos character buy? Does a character equipped with a Daemonic Locus count as a Battle Standard Bearer?,"Since there are no categories for the demonic gifts mentioned as in the rulebook for magic items, a character can buy as many different gifts as his point limit allows. Demonic gifts without an asterik can only be taken once per army. The character with Daemonic Locus is a BSB in all respects, in addition to having the Daemonic Locus special rule and for characters, only a demonic locus can buy a single icon.",07.10.2026,Daemons of Chaos Demonic Gifts,07.10.2026 first test
204,faq,2-3 Movement Phase Compulsory Moves,Special Rules,"Can a unit with random movement move into contact with a unit that was not ""at least partly in its front arc"" as long as it fulfills all criteria for charging (single wheel etc.) stated on 126 (see GW FAQ)? For example, an enemy unit that is behind the unit with random movement but reachable with a single wheel?","Yes, you don't need LoS or the enemy unit to be in your front arc since you do not declare the charge. As long as you fulfill the charge criteria (shortest route, only one wheel etc.), that is a perfectly acceptable ""move into contact"".",07.10.2026,Random Movement CRB 176,07.10.2026 first test
205,faq,2-1 Movement Phase Declare Charges and Charge Reaction,Special Rules,Can you use counter charge against a redirected charge?,"No, only hold or flee are possible against a redirected charge.",07.10.2026,Redirecting a Charge CRB 129,07.10.2026 first test
206,faq,2-1 Movement Phase Declare Charges and Charge Reaction,Basic Rules,"If I am redirecting a charge and the new target was already a charged target by another unit, can this new target declare to Flee now if it already declared to Hold against its initial charging enemycharge against a redirected charge?","Yes, the redirected charge calls to a new reaction but the only choices are Hold and Flee. The soldiers see the new enemy coming and it can change their initial decision.",07.10.2026,Redirecting a Charge CRB 129,07.10.2026 first test
207,faq,4-3 Combat Phase Break Test,Basic Rules,Give Ground : A unit giving ground stops moving immediately should it come into contact with another unit or terrain. Which type of terrain is meant here?,"Only physical terrain features that are not open ground, meaning no hills and no vortexes. Note that this also affects units already in terrain prior to the give ground move, meaning that a unit already in terrain can't give ground and instead does not move",07.10.2026,Give Ground CRB 134,07.10.2026 first test
208,faq,0 General Rules,Magic,"Do you have to be eligible for a wizardly dispell attempt to use arcane ""instead of a (wizardly) dispell items""?","Yes, the GW FAQ to Glowing Green Amulet is only about this specific item",07.10.2026,GW FAQ Ravening Hordes,07.10.2026 first test
209,faq,2-2 Movement Phase Charge Moves,Basic Rules,What happens if a unit makes contact with another unit not being the charge target during the free wheel of alignement?,"If it was clear at the time of the charge declaration that the projected charge will end like this and you will hit the second unit during alignment, no matter the charge roll, you have to declare a charge against both units. If there is a slight possibility to avoid this situation, the unit should try and wheel around that unit. If it is impossible to avoid the contact in any case with the given charge roll result (but would have been with a better charge roll result), the charging unit conducts an accidental contact during a charge and may chose to either halt the charge (leading to a disordered charge with most likely only 1 model in base contact against the original charge target) or to continue (leading to a disordered charge with both units, in which the accidental contacted units might try to align). If the unit continues into a fleeing unit, the fleeing unit is destroyed and the charging unit's movement comes to an end. The charged unit wheels to align if necessary, in which case the charging unit makes a disordered charge.",07.10.2026,Accidental Contact during a Charge CRB 131,07.10.2026 first test
210,faq,2-2 Movement Phase Charge Moves,Basic Rules,"If you declare a charge against multiple units, is that charge a failed charge if you contact one of the units only with the free wheel from aligning?","No, this is still a valid charge.",07.10.2026,"Multiple Charge Targets CRB 130
Accidental Contact during a Charge CRB 131",07.10.2026 first test
211,clarification,0 Faction Rules,Special Rules,Some Options (Equipment) confer Special Rules to Characters. Do Mounts also benefit from these special rules if they affect the Armour Save? Can this special rule be used to overcome a max. armour save?,"Yes, these special rules affect also the mount. No, the max. Armour Save (3+) for Monsters, Chariots and War Machines is unaffected by this and will cap the Armour Save.",07.10.2026,"Arcane Journal High Elves Lions Cloak
Dark Elves Sea Dragon Cloak",07.10.2026 first test
212,faq,0 Faction Rules,Special Rules,"Can you cast assailment spells during a warriors duel (""like in a challenge"")? Assailment spells are cast in every ""combat phase"", the warriors duel only states that there ""rounds of combat""","Yes, rounds of combat are conducted in the combat phase, so its possible",07.10.2026,Warriors of Chaos Warrior Duel,07.10.2026 first test
215,faq,0 Faction Rules,Special Rules,"Goad Beast: During the Command sub-phase of their turn, this character may goad a single friendly model whose troop type is ‘monster’ and that is within their Command range (including their own mount). Until the end of this turn, that model gains a +D3 modifier to its Attacks characteristic (to a maximum of 10). Does this also affect the rider?","No, only the mount, see 'including their own mount' - see Split Profile (monster mount) - The character and mount each use their own Weapon Skill, Ballistic Skill, Strength, Initiative and Attacks characteristics,",07.10.2026,Dark Elves,07.10.2026 first test
216,faq,2 Movement Phase,Basic Rules,"If a unit marches through difficult terrain, how is the movement calculated?","2(M-1) - Reduce the movement characteristic by one, then double it.",07.10.2026,"Marching CRB 123
Difficult Terrain CRB 135",07.10.2026 first test
217,faq,3 Shooting Phase,Magic,Are hits suffered by miscast magical attacks?,"Yes, given the nature of spellcasting, they are magical attacks",07.10.2026,,07.10.2026 first test
218,faq,3-2 Shooting Phase Roll to Hit,Special Rules,"When calculating how many models can shoot using Volley Fire, when do you round?","You round after calculating the models in each rank. Example: For a unit that is 5 models wide and 5 ranks deep on level ground, 5 from the first rank, 3 each from the second (5/2=2.5, rounded to 3), third, fourth, and fifth ranks can shoot. In total, 17 models will shoot.",07.10.2026,Volley Fire CRB 180,07.10.2026 first test
219,faq,4-1 Combat Phase Choose Combat & Determine Who Can Fight,Basic Rules,"When a model steps forward during a combat, then the unit overruns into a new and unresolved combat, does the model get to make attacks?",No. A model may not make attacks during the same phase in which it stepped forward.,07.10.2026,Stepping Forward & Closing in CRB 150,07.10.2026 first test
220,faq,2-2 Movement Phase Charge Moves,Basic Rules,Can I contact (and so charge) an enemy unit if I already have redirected the charge of this unit this turn?,"Yes, the unit count as redirecting, but it has not redirected.",07.10.2026,Accidental Contact During A Charge CRB 131,07.10.2026 first test
221,faq,2 Movement Phase,Special Rules,"Can a unit with Random movement reform when restraining from pursuing or following up, when rallying (including fall back in good order) or after destroying a fleeing enemy unit ?","Yes, the restriction on not being able to perform manoeuvres only applies when moving with their Random Movement characteristic.",07.10.2026,"GW FAQ
Random Movement CRB 176",07.10.2026 first test
222,faq,2-2 Movement Phase Charge Moves,Special Rules,What is happening when a model with random movement is put in base contact with a fleeing unit ? Does the unit flees again or is it destroyed ?,The unit is destroyed - no charge reaction is given when being contacted by a unit with random movement.,07.10.2026,"GW FAQ
Random Movement CRB 176",07.10.2026 first test
228,faq,3-2 Shooting Phase Roll to Hit,Basic Rules,How do you deteremine cover if a model can see multiple arcs of an opponent unit?,"Check all line of sights from the shooting model to all models of the target unit, ignoring the lines which cross over models of the target unit. Models of the target unit you cannot see because of other models of that unit are ignored. Apply then the rules for cover, depending on how much of the unit is obscured. Note that according to GW FAQ, Woods give cover even without LOS crossing over them, as long as more than half of the target unit is within the Wood.",07.10.2026,"GW FAQ
Cover",07.10.2026 first test
230,faq,2-4 Movement Phase Remaining Moves,Characters,Can a character move more than twice its movement to use 'Move through the ranks' or when he joins a unit to reach the front rank?,"Yes. Since the fighting rank is at a fixed location, he is obliged to move that distance to get to the fighting rank. The only times when a character inside of a unit is subject to this (besides normal maneuvering/moving) is Reform and Redress the ranks.",07.10.2026,GW FAQ,07.10.2026 first test
232,faq,0 Faction Rules,Special Rules,How many wailing dirges does a Mortis engine have?,You only do one wailing dirge attack for the whole mortis engine.,07.10.2026,Vampire Counts,07.10.2026 first test
234,faq,3-2 Shooting Phase Roll to Hit,Basic Rules,"Does a unit partially on a hill gets cover for models, for which the LoS is obstructed by the hill?",Yes. (RAW),07.10.2026,,07.10.2026 first test
235,faq,3-2 Shooting Phase Roll to Hit,Basic Rules,"Does a unit gets cover, when the LoS that checks cover is partially obstructed by a unit closer to the center of a hill?",Yes,07.10.2026,"GW FAQ
Vantage Point CRB 271
Beyond the Crest CRB 271",07.10.2026 first test
236,faq,3-1 Shooting Phase Declare Target,Basic Rules,If a unit wants to shoot at units on a hill - do units that are on the same hill and are further from the center than the target unit block line of sight for the shooting unit?,"No, since they can see you over that unit, you can see them too - the rules for being closer to the center of the hill works both ways, imagine the unit closer to the center being higher elevated.",07.10.2026,"GW FAQ
Vantage Point CRB 271
Beyond the Crest CRB 271",07.10.2026 first test
237,faq,3-1 Shooting Phase Declare Target,Basic Rules,Can you see a unit that is only partially on a hill and can you see a model that is only partially on a hill?,"Yes, given no other unit obstructs that LoS. Treat models and units partially on a hill as they were on the ground, but the hill itself blocks no line of sight to those models that are partially on the hill.",07.10.2026,"GW FAQ
Vantage Point CRB 271
Beyond the Crest CRB 271",07.10.2026 first test
239,faq,0 General Rules,Armybuilding,Does a wizarding hat allow a character to buy arcane items? If the Character was a Wizard before and buys an arcane item. Does the Arcane Item affect spellcasting and spell generation of this model?,"No, see GW FAQ. As explained in the GW FAQ, the wearer is not actually a Wizard, but instead the Hat is the wizard. Since the hat is not affected by armour the bearer wears, it is also not affected by arcane items.",07.10.2026,GW FAQ,07.10.2026 first test
240,clarification,3-1 Shooting Phase Declare Target,Magic,"How do ""laser beam"" spells and attacks such as Gaze of Gork, Burning Gaze and Lightning Strike (from the Warp Lightning Canon) work?

When the game rules calls for using a line (to determine models hit from ""laser beams"" special rules such as Gaze of Gork, or by models with the Cannon Fire special rule, or for the secondary objective Domination), what is the thickness of the line? Can it ever touch two models in a formed up unit at the same time over the same point, given that these models touch?","Once the spell is cast, choose a direction, then determine the distance of the line. This line does not require a target and therefore ignores all targeting rules, i.e. it can be drawn over LoS-blocking terrain, hit models in combat, lone characters, fanatics, and models the caster doesn't have LoS to.

In geometry, a straight line is an infinitely long object with no width, depth, or curvature. Although models in a formed up unit are touching edge-to-edge, they do not share a space, and since the line has no width, there is no point on the line that can be over two models simultaneously.
Practically, this means that a laser beam can only be crossing a single model at any given point, and so can never be shot exactly alongside the line where two files (or ranks) of a formed up units touch in order to hit both, or exactly over the point where the corners of 4 bases are touching in order to hit all 4.
The path of a cannonball follows the same principles, with the added restriction of only being able to hit a single model per rank under the path when firing in the unit's front arc, or per file when firing in the unit's flank.
Finally, this means that if a unit straddles over two quarters for Domination, it is not possible to position it so that all of its models are wholly within one quarter or the other.",07.10.2026,"Gaze of Gork
Burning Gaze
Lightning Strike
Warplightning Cannon",07.10.2026 first test
241,faq,0 General Rules,Scenarios,Can characters with the ambush special rule join a unit with ambush pre-placement?,"Yes they can, use the rules for Characters and Reserves - announce each turn before rolling any dices",07.10.2026,Reserves CRB 285,07.10.2026 first test
242,faq,2-2 Movement Phase Charge Moves,Special Rules,Do frenzied (or impetuous) units always have to use Swiftstride or Fly when charging,"Yes, see GW FAQ they always will use special rules that benefit their charge.",07.10.2026,GW FAQ,07.10.2026 first test
244,faq,0 General Rules,Skirmishers,How do Skirmishers conduct a flee move or Give Ground? What happens when they flee through units?,"If in Skirmish Formation (not formed up), determine center-to-center, then flee  with all models parallel in this direction without pivoting the unit. Give Ground the same way, stopping the whole unit if at least one model encounters an obstacle.

If any model in the skirmish unit moves through another unit, then all models continue moving in the same direction until they are no longer within 1"" of an enemy or overlapping a friendly unit, taking peril tests as normal.

If models flee through units, move the whole unit the same distance.  If the unit encounters an impassable terrain piece, each model moves as close as possible along that terrain piece and returns then to the original flee path

During Flee or Give Ground, if at least one model moves off the board, the whole unit is destroyed.",07.10.2026,"Skirmishers CRB 184f
GW FAQ",07.10.2026 first test
248,faq,2-2 Movement Phase Charge Moves,Special Rules,"If a unit with the Fly (X) special rule declares and makes a charge, when do you have to declare which Movement characteristic (Fly or normal) the unit will use?",Declare which movement will be used as the unit declares the charge,07.10.2026,GW FAQ,07.10.2026 first test
250,faq,2-2 Movement Phase Charge Moves,Skirmishers,Multiple Charges into Skirmishers: What happens if you get a different side presented after forming up of the Skirmishers against the first Unit?,"Skirmishers as GW FAQ do not have arcs, just move in the side presented to you after forming up.",07.10.2026,GW FAQ,07.10.2026 first test
251,faq,2-2 Movement Phase Charge Moves,Skirmishers,"Multiple Charges into Skirmishers: What happens if the formed up side towards your unit is ""full"" so you cannot make contact with that side?","Go to the side of that ""arc""(""flank"" - remember, no arcs), but you have to able to get there with only 1 wheel, else you fail the charge",07.10.2026,GW FAQ,07.10.2026 first test
252,faq,2-2 Movement Phase Charge Moves,Skirmishers,Multiple Charges into Skirmishers: What happens if you can go straight forward in but also you can maximize if you go into another side of the unit?,"Charge to the side, maximizing has priority, but remember that you are only allowed to do one wheel, sometimes you will be able to do this, while sometimes you have to priorize charging over maximizing - use the principles of charging, priorizing top to bottom.",07.10.2026,GW FAQ,07.10.2026 first test
253,faq,0 General Rules,Scenarios,Can characters without the ambush special rule join a unit with ambush pre-placement?,No,07.10.2026,"Reserves CRB 285
Ambushers CRB 166",07.10.2026 first test
254,faq,2-2 Movement Phase Charge Moves,Special Rules,Can you drill a unit that is part of multiple units charging an unit if the unit with drilled is blocked on both sides by units that charge along of that unit?,"No, Drilled takes place before the charge move and the units are considered to move simultaneously. Would the units charge different targets, the active player could first move the blocking units away and drill then. With multiple units charging the same target, this is not possible.",07.10.2026,"Drilled CRB 167
Multiple Charging Units CRB 130",07.10.2026 first test
256,faq,2-2 Movement Phase Charge Moves,Special Rules,Can a unit that is charging make use of the Drilled special rule in a way that causes accidental contact during a charge or that results in a charge against multiple targets?,"No, unless the unit is in marching column and the minimum widt requested to leave the marching column already causes accidental / a multiple target charge. In that case the unit is allowed to Redress the ranks to be able to charge and conduct a multiple charge against other targets, but only against those needed to actually conduct the charge.",07.10.2026,"Multiple Charge Targets CRB 130
Accidental Contact During a Charge CRB 131",07.10.2026 first test
257,faq,0 Faction Rules,War Machines,"If a Doom Diver fires indirectly, do you allow for a -d3 instead of the ballistic skill and then another d3 directional correction?","Yes, the second part of the Doom Diver Rule referes to the indirect fire part of the bombardment rule of 225, so the first part gets applied too.",07.10.2026,Orcs and Goblins,07.10.2026 first test
258,faq,0 General Rules,Armybuilding,"If a unit is not listed in the army list composition section of ""characters"", but one of its subtype is ""character"", does it counts for the 3 minimum non-character units needed for army composition? (not including ones with troop type swarm/war beastes/war machine)?","No, they are character units.",07.10.2026,,07.10.2026 first test
260,faq,4-1 Combat Phase Choose Combat & Determine Who Can Fight,Characters,Can a champion move through the ranks?,"No, only non-champion characters are allowed to do so.",07.10.2026,Moving through the Ranks CRB 208,07.10.2026 first test
261,faq,4-1 Combat Phase Choose Combat & Determine Who Can Fight,Universal Rules,"When moving through the ranks to join the fighting rank, can a character choose its position?","A character can freely choose any position in the fighting rank, regardless of base contact or not.",07.10.2026,Moving through the Ranks CRB 208,07.10.2026 first test
263,faq,4-3 Combat Phase Break Test,Basic Rules,"How do you flee along an impassable terrain? If a fleeing unit reaches impassable terrain, how does it move?","First, begin to flee as normal.

If the flee move would cause the unit to contact impassable terrain, it must pivot around its centre as soon as it is possible for the unit’s flank to be flush against the terrain feature, while facing the direction which will allow it to resume its flee move along its initial flee path as directly as possible. The unit will continue to flee along the side of the impassable terrain until it is able to pivot again around the feature's corner, and move along the next side of the feature (this might need to be done multiple times in case of a non-square feature, or multiple impassable features), until its centre is back on top of the initial direction of flight, at which point the unit will pivot in order to resume fleeing in its initial direction.

In the case where the unit is too close to pivot its flank against the impassable feature (this is often the case for very wide units, even if they are not backed against the feature), it must first pivot around its centre while facing the direction which will allow it to resume the unit’s flee move along its initial flee path as directly as possible. It then moves forward (taking peril tests as required), until pivoting with the unit’s flank against the feature is possible, then follow the procedure described above.",07.10.2026,Fleeing through Terrain CRB 133,07.10.2026 first test
264,faq,2-4 Movement Phase Remaining Moves,Characters,If I have multiple characters' base does not fit neatly (non-fitting bases) can they go on the same side?,"The characters join the front of the unit and are placed on either the left or right flank, as shown in Figure (need reference from rules). Only one such character can be placed on each flank of the unit. For determining marching column or combat order, these models are ignored.",07.10.2026,Positioning Characters CRB 207,07.10.2026 first test
266,faq,0 Faction Rules,Special Rules,Does a champion count for the bretonnia exiles blessing if slain in a challenge - or can a champion even get a blessing of the lady if he kills a character or champion in a challenge?,"No, only non-champion characters are counting for this and a champion cannot get the blessing separately from the unit",07.10.2026,,07.10.2026 first test
267,faq,3-1 Shooting Phase Declare Target,Magic,Can a champion shoot magic missiles (from bound spells or wizarding hat or if he is a wizard) into another target than his unit?,"Yes, the wording for characters on 209 is the same as for champions on 199. This heavily implies that the exemption also counts for champions.",07.10.2026,"Characters and Shooting CRB 209
Champions CRB 199",07.10.2026 first test
268,faq,3-1 Shooting Phase Declare Target,Magic,Can characters shoot multiple magic missiles per turn into different targets? A lone character would still be treated as a unit and therefore has to target the same unit?,"Yes he can, the exemption for magic missiles on 209 is to be applied - a character can divide his magic missiles into different targets, chosing targets when each spell is cast.",07.10.2026,Characters and Shooting CRB 209,07.10.2026 first test
269,faq,2 Movement Phase,Special Rules,Do models with the fly (x) rule suffer a -1 movement penalty and have to use the lowest of 2d6 when charging while starting their movement in terrain.,"Yes, models with fly (x) always begin their movement on the ground, and any unit that start their movement in terrain suffers its effects.",07.10.2026,Fly (X) CRB 169,07.10.2026 first test
270,faq,2-2 Movement Phase Charge Moves,Special Rules,"With the new GW FAQ about taking wheeling into account for allowing charges, can you declare charges with Swiftstride if the opponent is within M+9 but with wheel M+12?",The opponent unit has to be both within M+9 maximum charge range and it has to be possible to conduct the charge with M+9 including the wheels.,07.10.2026,"GW FAQ
Swiftstride CRB 178",07.10.2026 first test
271,faq,2-4 Movement Phase Remaining Moves,Magic,How is a unit of skirmishers moved by the spell Travel Mystical Pathway?,"Draw a 12"" radius around the whole unit. Each model can be replaced anywhere within that radius in coherency, and at least 6"" away from any enemy unit.",07.10.2026,,07.10.2026 first test
272,faq,0 General Rules,Magic,"Can you cast a Remains in Play spell, that is already casted?","Yes. While the rulebook says no, GW FAQ clarifies that the spell can be attempted to cast, but the current active spell is ended on the attempt.",07.10.2026,GW FAQ,07.10.2026 first test
273,faq,4-4 Follow Up & Pursuit,Basic Rules,"When two units are in combat with the same facing of an enemy unit that flees from combat, how is the pursuit resolved? Do the units block each other when moving toward or pivoting to face the fleeing enemy?","Each pursuit happens sequentially, with the controlling player choosing their order. Pivot moves always ignore the presence of other units and terrain. When the first unit makes its pursuit, it may end overlapping with another friendly unit that was part of that combat (even though this is normally now allowed); and may move through those units until the first units move is complete. The other units do ignore the other units when making its own pivot aswell, but their move will often be blocked by the unit that has moved first. If the unit can only partly pivot and will overlap after pivot with the unit that has moved first, it pivots instead as far as it is able toward the fleeing enemy and does not move further.",07.10.2026,"Pivoting CRB 125
Pursuit CRB 156",07.10.2026 first test
274,faq,0 Faction Rules,Special Rules,"If Galrauch fails a leadership test, when does the condition end?","Until the start of his next turn, since he has to test again",07.10.2026,Warriors of Chaos,07.10.2026 first test
275,faq,2-1 Movement Phase Declare Charges and Charge Reaction,Special Rules,Should all effects that impact stand and shoot apply to all rules that utilize it as a function such as fire and flee?,"Yes, errata all rules that impact stand and shoot to apply to any rule that uses it as part of its functions (Banner of Chalons, Quick Shot)",07.10.2026,"Stand & Shoot CRB 120
Fire & Flee CRB 169",07.10.2026 first test
276,faq,4-4 Follow Up & Pursuit,Basic Rules,"In order to overrun, a unit must destroy its enemy completely. Which ""enemies"" are meant by this?","This refers to all enemy units the unit is engaged in combat with—specifically, those in base contact. In combats involving multiple units, even if the enemy units in direct base contact are wiped out, the unit remains part of the combat until end of turn. Combat results still factor in this unit, and it must undergo any required break tests and suffer all consequences.",07.10.2026,Overrun CRB 156,07.10.2026 first test
277,faq,0 General Rules,Basic Rules,How are multiple Hits with the Multiple Wounds (X) special rule resolved against a unit with multiple Multiple Wound models? How do situations work where hits are inflicted on certain models (Cannons etc.),"Resolve attacks against the models that are hit in specific cases like cannons, or allocated attacks against champions or against the unit if the unit is attacked. This means, use the  weapon skill, toughness, armour and ward saves accordingly.

Unsaved wounds are then applied one after another to the unit, except in the case of champions being hit, which have their own conditions under which they are hit separately, including cannons (which can hit the champion separately). Page 102 and GW FAQ tell us to start with wounds that inflict Killing Blow, followed by Multiple Wound (X) wounds, and finally ending with single wound attacks. For wounds on the unit, Allocate these wounds starting with the model that is already wounded (ignore the champion if he is wounded already).",07.10.2026,Multiple Wound Models CRB 102,07.10.2026 first test
278,faq,4-4 Follow Up & Pursuit,Basic Rules,"How do you follow up? And what happens if, while performing the follow up move towards a unit that Gives Ground, the unit would contact instead another enemy unit that was not in the combat? Is it accidental contact or should movement stop at 1"" from the unit that would be contacted?","To conduct a follow up move, do the opposite of give ground: move directly towards the enemy unit that gave ground, without turning, pivoting or otherwise changing its facing in any way until you make contact or until you stop because of contact with an impassable terrain or friendly unit. If you contact another enemy unit, this is accidental contact (pg. 131). if the enemy unit is contacted in the rear or flank, or if it is already in combat, nudge that unit and any units it is in combat with) aside and conduct the follow up move. If the enemy unit is contacted in its front, it can chose to accept the combat, effectively stopping the follow up move or give ground to avoid it.",07.10.2026,"Accidental Contact CRB 130
Follow Up CRB 156",07.10.2026 first test
279,faq,0 General Rules,Magic,"Can you decide not to use Lore Familiar, even if the wizard bought the item?",If the Wizard opts not to do it they don’t get any spells at all RAW,07.10.2026,Lore Familiar CRB 343,07.10.2026 first test
280,faq,3-3 Shooting Phase Roll to Wound & Make Armour Saves,Special Rules,What happens when a model with a shooting attack that wounds against its target's initiative characteristic targets a war machine (or chariot)?,Use the initiative value elsewhere on the model (the crew),07.10.2026,"Split Profile CRB 97
Split Profile Warmachines CRB 197",07.10.2026 first test
281,faq,4-1 Combat Phase Choose Combat & Determine Who Can Fight,Challenges,Regarding the Challenges & Mounts Change - how do you determine which attacks are lost?,"If one participant of the challenge is slain in one initiative step, all attacks with a lower initiative in this combat are lost and will not be conducted. You can only score overkill from attacks of the same initiative of the step in which the participant is slain.",07.10.2026,GW FAQ,07.10.2026 first test
282,faq,2-1 Movement Phase Declare Charges and Charge Reaction,Special Rules,Can you still Counter Charge on turn 1 after a Vanguard move?,Yes. The new ruling states that you cannot declare a charge during your first turn. Counter Charge would be in the opponent's first turn,07.10.2026,GW FAQ,07.10.2026 first test
284,faq,0 Faction Rules,Special Rules,Spider Banner: Can the unit wound automatically?,"No they can't, they just get Poison on natural 5+ instead of 6 if they already had poison before.",07.10.2026,Orcs and Goblins,07.10.2026 first test
285,faq,0 Faction Rules,Magic,"Big Smartz: If a unit failed a stupidity test but succeeds another one before my next start of turn sub-phase, is the unit still stupid ?: Can the unit wound automatically?","No, a stupid unit ceases to be stupid if it succeeds a stupidity test.",07.10.2026,Orcs and Goblins,07.10.2026 first test
286,faq,0 General Rules,Basic Rules,What happens when a model that belongs to a unit of single wound models has multiple hits allocated specifically to this model? (for example Tree Whack),"If the model and not the unit is hit, the model is killed, but wounds from additional hits do not spill over to other models",07.10.2026,,07.10.2026 first test
287,faq,0 General Rules,Basic Rules,How do you determine in which arc of a charge target a single model is?,"Only check the front edge of the model - if the majority of the front edge of a model is in one arc, then charge this arc. If you cannot come to an agreement with your opponent, charge the arc which offers the lower combat resolution",07.10.2026,GW FAQ,07.10.2026 first test
289,faq,4-1 Combat Phase Choose Combat & Determine Who Can Fight,Basic Rules,"Do one-handed magic weapons, which do not count as any other weapon type, qualify for the Parry special rule of Infantry?",Only if the weapon is specifically stated to be or count as hand weapon (right now that is only the wollopa one hit wounda after use),07.10.2026,GW FAQ,07.10.2026 first test
290,faq,4-1 Combat Phase Choose Combat & Determine Who Can Fight,Special Rules,Do Parry (from Infantry) and Parry (Guardians of Talsyn) stack?,"Yes, but note that the normal Parry will only be granted if fighting with a hand weapon, not with an Asrai Spear",07.10.2026,GW FAQ,07.10.2026 first test
291,faq,0 Faction Rules,Special Rules,How do the Arrows of Isha and the Seafarer Bow interact?,"You take the best of the two profiles of Bow. This effectively gives Bow of the Seafarer with Arrows of Isha the profile; AP-3 AB(1).""",07.10.2026,Arcane Journal High Elves,07.10.2026 first test
292,faq,4-1 Combat Phase Choose Combat & Determine Who Can Fight,Challenges,"If a unit A is engaged with two units B and C, one (B) of which is a single character in a challenge, the rules say that all models of the first unit A which normally must attack the character B due to closeness instead are allowed to attack the other unit C. How does this work with fighting ranks and ""full attacks""?","Since ""the unit"" is specified in the FAQ about fighting ranks, only the models within M"" of Unit C can attack that unit. Please note that these models only get to make 1 A, regardless if they are in base contact with B or not.",07.10.2026,"Who can fight CRB 145
How many attacks? CRB 146
Multiple Units in Combat CRB 147",07.10.2026 first test
293,faq,0 General Rules,Special Rules,"Does the change in Regeneration mean that i can use a Regeneration save for any case a model loses a wound, even if just losing a wound is stated? E.g. can you attempt a Regeneration save against Peril Tests, Deamonic Instability, Dangerous Terrain and similar cases?","Yes, as long that it is not mentioned that regeneration saves are not permitted against these attacks. Please note that due to the old wording of regeneration, Killing Blow, Monster Slayer and similar wordings do NOT allow regeneration saves to be made against the wounds lost with these special rules.",07.10.2026,GW FAQ,07.10.2026 first test
294,faq,4-1 Combat Phase Choose Combat & Determine Who Can Fight,Basic Rules,Does the new FAQ entry of the Fighting Rank mean that all ranks and files which have only one model in contact with opponent models count as Fighting Ranks?,"When two opposing units are engaged in combat, only one row of models—the rank or file that is both in base contact and aligned (or almost in disordered charges) to the enemy’s engaged row—is considered the fighting rank. Other ranks or files that merely contain a single model in contact do not count as fighting ranks. Exceptions to this rule apply only to units in Lance Formation, Skirmishers, and Infantry (which has two fighting ranks in some cases), which may have different fighting rank rules.",07.10.2026,"GW FAQ
The Fighting Rank CRB 145",07.10.2026 first test
295,faq,4-2 Combat Phase Calculate Combat Result,Special Rules,How would situations resolved where a character without the First Charge rule joins a unit that has it and vice versa?,"As long as one model with the rule First Charge is performing its first charge of the game within a unit, the special rule is used and counts as being used for all models that participated in that charge and have the First Charge special rule in that unit",07.10.2026,First Charge CRB 169,07.10.2026 first test
297,faq,0 Faction Rules,Special Rules,Do i have to maximize with a lance charging another unit?,"No, since the lance automatically is in base contact, you don't have to maximize at all - just charge the closest way in.",07.10.2026,Lance Formation Bretonnia,07.10.2026 first test
298,faq,4-1 Combat Phase Choose Combat & Determine Who Can Fight,LLO,"If one of the participants of a challenge is defending a Low linear obstacle, are both characters treated as being in base to base contact?","No, still treat them as having the LLO between them - no Impact or Stomp Attacks.",07.10.2026,GW FAQ,07.10.2026 first test
299,faq,2-4 Movement Phase Remaining Moves,Special Rules,Can you do a second bombing run with the Sky Lantern or Gyrocopter or do a second Wake of Fire Attack with the Flamespyre Phoenix and similar attacks which are triggered just by moving close or over the opponent when moving with Arcane Urgency or the Rune of Haste and Urgency?,"Yes, given the ability does not have a restriction regarding the number (once per remaining move phase or similar) which it can be used per turn or in total.",07.10.2026,,07.10.2026 first test
300,faq,0 Faction Rules,Special Rules,Can a Dwarf with a weapon that has Weapon runes inscribed on it use Parry?,As long as the weapon is a hand weapon.,07.10.2026,GW FAQ,07.10.2026 first test
301,faq,2-4 Movement Phase Remaining Moves,Characters,What happens if a character joins a single rank unit?,"The character goes to the first rank, displacing one model to a newly formed second rank, as described under Positioning Characters.",07.10.2026,Positioning Characters CRB 207,07.10.2026 first test
302,faq,3-1 Shooting Phase Declare Target,Characters,"With the new ruling on shooting at characters that have joined a unit with different troop type, how do you process that shooting?",The character is targeted instead of the unit. All Line of Sight and Range are measured towards the character. Note that the unit is not able to use evasive or similar special rules and the character cannot be protected by 'Lone character' rules.,07.10.2026,GW FAQ,07.10.2026 first test
303,faq,4-1 Combat Phase Choose Combat & Determine Who Can Fight,Basic Rules,"How do you calculate the correct armour save if you have Parry, other modifiers, and Armour Piercing?","Parry cannot improve your armour save beyond a 3+ value. This means that when calculating the base armour save (before any roll modifiers), Parry will cap the result at 3+ if not improved by other means. However, if the unit is affected by a rule that modifies the armour save value itself (e.g. Plague of Rust), you can balance positive and negative modifiers against each other. For example Rune of Oath & Steel. Note that modifiers to the armour save roll—like Armour Piercing, Totem of Rust, etc.—do not interact with this cap and leave it at 3+. They apply after the save value is determined, and reduce the final roll needed for success.",07.10.2026,GW FAQ,07.10.2026 first test
304,faq,4-1 Combat Phase Choose Combat & Determine Who Can Fight,Basic Rules,"If an infantry model that has an 2+ Armour Save (without parry), fights with hand weapon and shield - does it have to use parry and only has a 3+ Asv as the consequence?","While the model has to use parry, parry only improves the armour save - therefore, the model retains its 2+ Asv. Note that you cannot use the parry bonus to get to a 2+ Armour Save by any means.",07.10.2026,GW FAQ,07.10.2026 first test
305,faq,0 Faction Rules,Special Rules,Can you take a virtue of the duty or ideal even if that means that your general has not the highest Ld in your army?,"Yes, only the BSB is mentioned in GWs FAQ on the highest leadership. This also means in your army you can include mercenaries or other characters that are not able to be the general with a higher leadership than your general.",07.10.2026,"Bretonnia
GW FAQ",07.10.2026 first test
306,faq,2-2 Movement Phase Charge Moves,LLO,"Ethereal treats all terrain as open ground, and Grinding Wheels does the same for Low Lineae Obstacles. How does this interact with units that are defending a LLO?","Because the charge is a move, these units fully ignore the LLO and will move on top of it. For all purposes, units with these rules ignore defended LLO rules.",07.10.2026,"Ethereal
Grinding Wheels",07.10.2026 first test
307,faq,2-2 Movement Phase Charge Moves,LLO,How do you charge a unit behind a defended Low linear obstacle?,"Charge the LLO and align towards the LLO instead of the unit. Note that you have to charge the LLO in a way that at least one model of the charging unit is in the front arc of the defending unit, else the charge is considered to be a failed charge. Maximise in a way that as many models as possible are within M"" of each other. Also remember that a Lance blunts if charging a unit behind a LLO because it is considered to have conducted a disordered charge.",07.10.2026,,07.10.2026 first test
311,faq,0 General Rules,Special Rules,"How do abilities like Gnashing Maws (gigantic spawn of chaos) interact with regeneration? What about effects that trigger when a model loses its last wound, such as Timmm-berr!, Grail Pendant or Explosive Demise (warpfire dragon)?","Regeneration is no longer a save, so a wound from Gnashing Maws counts as an unsaved wound regardless of whether regeneration is successful. Effects that require a model to lose its last wound will only trigger if the model actually loses its last wound after any regeneration saves attempted.",07.10.2026,GW FAQ,07.10.2026 first test
312,faq,0 Faction Rules,Special Rules,Can an engineer in combat use a pigeon bomb?,"No because this is ""instead of shooting normally"", so the engineer needs to be able to shoot",07.10.2026,Pigeon Bombs Forces of Fantasy 77,07.10.2026 first test
314,faq,4-4 Follow Up & Pursuit,Special Rules,Given the FAQ for Open Orders Quick Turn - does this apply to Lumbering aswell?,"Only Quick Turn is mentioned, Lumbering can still be used outside of sequence",07.10.2026,"Lumbering CRB 195
GW FAQ",07.10.2026 first test
315,faq,0 General Rules,Magic,"When items or abilites do enhance the Range of a Spell, do they also enhance the range of spell effects that are explained in the spells' description?","Only the range for targeting units is extended, so spell effects are not increased. In Detail: For Vortex Spells, the range of effect is not enhanced, only the range for template placement. For Conveyance pells, the target range is increased but not the range of replacement (Travel Mystical Pathways, Infernal Gateway). For Spells with Self range, nothing is increased. For Gaze of Gork, the Range is extended.",07.10.2026,,07.10.2026 first test
316,faq,3-1 Shooting Phase Declare Target,Characters,Can characters that joined a unit of the same troop type be targeted by enemy shooting if there are fewer than five rank and file models (of the same troop type) in the unit they have joined?,"No, the only change that GW's errata makes is to prevent characters of different types from receiving the protection enjoyed by same-type characters in units. When there are fewer than five rank and file models in a unit, the second paragraph of ""Enemy Shooting"" in the errata gives you instructions of how such characters can be hit when their units aren't of sufficient size.",07.10.2026,GW FAQ,07.10.2026 first test
318,faq,4-3 Combat Phase Break Test,Special Rules,"Stupidity: What happens if a stupid unit does fbigo or rallies, can it reform upon a rally? What happens if the unit gives ground?","The unit does not give ground and cannot reform when rallying, changing face or use similar abilities (drilled, lumbering etc.). You cannot you use infernal gateway or travel mystical pathway on these units, a move is a move (except obligatory moves, which can be done)",07.10.2026,"GW FAQ
Stupidity CRB 178",07.10.2026 first test
319,faq,2 Movement Phase,Magic,"Can conveyance spells be cast on units or targets who already moved during that Movement Phase, including charging, fleeing or moving during the compulsory moves?","Yes. Unless otherwise specified in the spell's description, such spells can be cast on any valid friendly unit, respecting the normal criteria for choosing a target (i.e. within the caster's vision arc and range, not engaged in combat). Specific constraints and/or allowances may be defined in the spell's description, e.g. regarding the target unit/character's movement before and/or after the spell, or whether it is fleeing or engaged in combat.",07.10.2026,GW FAQ,07.10.2026 first test
320,faq,4 Combat Phase,LLO,"Skirmishers can defend a Low Linear Obstacle (LLO) by ""moving as many models as possible into base contact with it."" What exactly does this mean?","In order to defend a LLO, a skirmish unit must move as many models as can reach the LLO within a single movement, and have at least one model in the unit end its move with one side of its base fully in contact with the long edge of the LLO. When a charge is declared against the defending skirmish unit, the enemy unit will move as normal for charging a skirmish unit. If they contact the opposite long edge of the defended LLO, the unit will then wheel to align to the LLO. The defending skirmish unit will then form ranks as though there were not a gap between the two units, attempting to move as many models as possible into (not technically) B2B and forming ranks behind those models as normal.",07.10.2026,"GW FAQ
Skirmishers in Combat CRB 185",07.10.2026 first test
321,faq,2-2 Movement Phase Charge Moves,LLO,Low linear obstacles and Flank Charges - the rules only state the unit is counting as defending a LLO. Does a unit defending a LLO get the bonus to all arcs?,"Only the Front arc counts as being defended, even for a LLO that is magically summoned or an entrenched unit. If the charging unit charges on the flank and has not sufficient movement to charge around the LLO to get into the flank, it is allowed to straddle the LLO and charge through difficult terrain, ending up disrupted.",07.10.2026,"GW FAQ
Defended Low Linear Obstacle CRB 270",07.10.2026 first test
322,faq,2-4 Movement Phase Remaining Moves,LLO,How do you defend an Low linear obstacle? Aka how do you move up to it to defend it?,"You have to wheel forward, until your front rank is parallel aligned with the LLO. You do not count as defending the low linear obstacle if your front rank exceeds the LLO at any point or if your front rank is not entirely aligned to the LLO, be it due to other models or insuffcient movement .",07.10.2026,GW FAQ,07.10.2026 first test
323,faq,0 General Rules,Scenarios,Do Characters in units count against the minimum US for scoring units?,"Yes, regardless of their unit type",07.10.2026,,07.10.2026 first test
324,faq,0 General Rules,Special Rules,"How is Regeneration applied for a model that suffers an unsaved wound with the Multiple Wounds (X) special rule, if the model has less than X Wounds remaining?","An unsaved wound with the Multiple Wounds (X) special rule causes the target to lose X Wounds (instead of 1), lost simultaneously. If the model has fewer than X Wounds remaining, it loses all its remaining Wounds, and excess wounds have no further effect (no spillover), but will count for Overkill in a Challenge. The model then attempts to Regenerate the lost Wounds.

If a troll with 3W left suffers an unsaved wound with Multiple Wounds (5), it loses its 3 remaining Wounds, then attempts to regenerate the 3 lost Wounds. The 2 potential wounds in excess have no effect.
If a skeleton suffers an unsaved wound from a cannonball with MW (D3+1), it loses it single Wound, then attempts to regenerate it. The other potential wounds in excess have no effect.",07.10.2026,GW FAQ,07.10.2026 first test
325,faq,0 General Rules,Special Rules,"Since Killing Blow / Monster Slayer only states ""roll a 6 on a wound roll"" and Ethereal states ""cannot be wounded"" - does Killing Blow / Monster Slayer with non-magical attacks actually work against Ethereal?","No! Killing Blow / Monster Slayer states that there has to be an ""unsaved wound"" for it to work - but Ethereal units can only be wounded by magical attacks.",07.10.2026,"Ethereal CRB 167
Killing Blow CRB 172
Monster Slayer CRB 173",07.10.2026 first test
327,faq,3 Shooting Phase,War Machines,Can you shoot a model with the Column of Fire Rule in a way that you hit a combat?,"No, similar to normal cannons, since you aim with a weapon that has this rule, you cannot risk shooting in a way that you hit combat (see the wording of ""intended target"")",07.10.2026,Fire Throwers CRB 229,07.10.2026 first test
328,faq,4-1 Combat Phase Choose Combat & Determine Who Can Fight,Special Rules,How is the -1 to hit from Fear applied in multi-unit combats if the Leadership test is failed?,The -1 is applied to the unit that fails the test against all units that cause fear and have a higher US then the unit that failed the test in this combat.,07.10.2026,Fear CRB 168,07.10.2026 first test
329,faq,0 Faction Rules,Special Rules,"If a Skaven Character uses his verminous valour rule, does he retire, thus any special rules he contributes to the unit are lost and he cannot enter the fighting rank again in subsequent phases of combat?","Yes. Verminous valour is clear: the character retires. Follow the normal rules for characters retiring, with the exception that the character will continue to confer their leadership to the unit. However, the character has not refused a challenge, and is therefore able to move through the ranks agin in future round of combat.",07.10.2026,Skaven,07.10.2026 first test
331,faq,2-1 Movement Phase Declare Charges and Charge Reaction,Special Rules,When can you declare a counter charge? Can you use Counter Charge if you are not able to conduct the pivot or reach the opponent?,"Counter Charge is a charge reaction which does not underly the requirements for declaring a charge. All limits of declaring Counter Charge are specificed in GW FAQ. You can declare a counter charge outside of line of sight and without having the ability to reach your opponent. If you hit an opponent unit with the counter charge move after the pivot, you count as doing accidental contact. If you cannot fully pivot, you will not move at all and if you cannot move after the pivot, you will also not move, but you still count as charging.",07.10.2026,GW FAQ,07.10.2026 first test
332,faq,2-2 Movement Phase Charge Moves,Basic Rules,"Can you touch the flank of a unit to charge the front corner, if the full front arc/rank of the unit is already occupied by another unit of your own (or opponent)?","If the full front arc is occupied, according to GW, you cannot charge the front at all. If even the tiniest bit of the front is unoccupied on a corner, you can do a disordered charge against the corner but note that you have to be able to position before aligning.",07.10.2026,Disordered Charge CRB 128,07.10.2026 first test
333,faq,0 Faction Rules,Special Rules,"In the notes of the Iron Hail Gun it specifies the following, ""Notes: A model armed with an iron hail gun suffers no negative modifiers for firing at long range, for using the Multiple Shots (D3) special rule, or whilst making a Stand & Shoot charge reaction."" Does this effect only apply to the use of the Iron Hail Gun, or the model as a whole?","Just the iron hail gun, as the note is part of the weapon's rules, it only applies to the weapon.",07.10.2026,Grand Cathay,07.10.2026 first test
334,faq,0 General Rules,Special Rules,"If you lost frenzy, can you regain it by another source?","Yes you can. You can even re-gain frenzy by the same source, like Blood Rage. Note that if a BSB with a Banner or a character with an source that grants Frenzy (and does not state it can be regained or never lost) loses frenzy and joins a new unit, that unit won't be frenzied.",07.10.2026,"Frenzy CRB 170
GW FAQ",07.10.2026 first test
335,faq,4-1 Combat Phase Choose Combat & Determine Who Can Fight,Challenges,"Can you refuse a challenge in a combat with multiple eligible characters, where at least one of those characters cannot refuse a challenge, but others could?","No, at least one eligible character has to accept the challenge.",07.10.2026,Challenges CRB 210,07.10.2026 first test
338,faq,4-4 Follow Up & Pursuit,Skirmishers,"A skirmisher unit that has formed up into Close Formation during combat must maintain this formation until it is no longer engaged at the end of the Combat phase. How does reform work while the unit is in this Close Formation (FBIGO, restrain & reform, Catching the Curs)? How does being formed up interact with Fleeing and Panic? Can you still use Chariot Runners when being Formed up?","Close Formation” is read as a distinct mode within Skirmish Formation: the unit is still a skirmisher, but currently “formed up” (edge‑to‑edge, ranked). While formed up, the unit behaves like a formed unit for movement purposes: pivoting and rearranging ranks/files are allowed, and it may adopt another keyword formation (e.g., Open Order) if permitted. The unit will also flee exactly like a formed unit. However, it must remain formed up until the end of the Combat phase, and does not re‑form up again when pursuing into a new enemy (it keeps the ranks/files it already has).

For Panic, the rules for Skirmishers & Panic speak of being Skirmish Formation and not of Ranks, which the formed up skirmisher formation unit still fulfills. Therefore, it will only cause panic in Skirmisher units if fleeing through and if another skirmisher unit flees through them while being formed up, they will still suffer panic.

You cannot use Chariot Runners to move with a Chariot through formed up Skirmishers.",07.10.2026,"GW FAQ
Formed up Skirmishers
Skirmishers in Combat",07.10.2026 first test
339,faq,0 General Rules,Special Rules,Do Ethereal Units have to make Peril tests when fleeing through another unit?,"Yes, while they cannot be wounded by magical attacks, Peril Tests cause a unit to lose a wound, not to suffer a wound, so units with the Ethereal special rule have to do peril tests just as other units do.",07.10.2026,Ethereal CRB 167,07.10.2026 first test
340,faq,4-3 Combat Phase Break Test,Basic Rules,"If an enemy unit loses combat and will Give Ground off the battlefield, what are the winning unit's options?","The winner can attempt to restrain and reform as normal. If the unit would Follow Up, they do not move as there is no enemy to move into contact with (and a unit can only overrun if the enemy is destroyed before the break test).",07.10.2026,,07.10.2026 first test
342,faq,0 Faction Rules,Armybuilding,Can Champions take 25 pts more points in Royal Clan or Wild Herd or similar Armies of Infamy?,No,07.10.2026,"Arcane Journal Beastmen Brayherds
Arcene Journal Dwarf Mountain Holds",07.10.2026 first test
343,faq,0 General Rules,Special Rules,"If a unit has to test for Restrain or Impetuous and wants to use the Inspiring Presence of a General,which is not inside the unit but has a modified leadership from warband, can the unit use the warband modifier on that generals modified leadership for this test?","Yes. The unit uses the modified leadership of the general via Inspiring Presence and does not use the Warband Modifier - the General uses it. The GW FAQ notes that only ""a Warband"" and thus the unit itself cannot use it.",07.10.2026,"Warband CRB 180
GW FAQ",07.10.2026 first test
344,faq,4-4 Follow Up & Pursuit,Basic Rules,When do units actually conduct Overrun?,"Overrun is a pursuit move. The unit has the choice to attempt to restrain or reform, same as for Pursuit or to Overrun and makes then a normal pursuit move bust moves directly forwards. So, the unit moves after break tests.",07.10.2026,Overrun CRB 156,07.10.2026 first test
345,faq,0 General Rules,Special Rules,When a Warband unit makes a leadership test and uses the Inspiring Presence of a warband general (that is not in the unit). How are the multiple warband bonuses applied to this leadership test? Note that this question only adresses the warband modifier and refers to the wording of the Warband special rule.,"Only the warband modifier of the Generals unit (if he is in a warband unit) is used. If the general is not in a warband unit, then no warband modifier can be claimed.",07.10.2026,"Warband CRB 180
GW FAQ",07.10.2026 first test
346,faq,0 General Rules,Special Rules,"A unit affected by certain spells (Earthen Ramparts, Miasmic Mirage), formation (marching column) or that has rallied cannot charge or make a charge moves. How does this interact with Random Movers contacting enemies, Counter Charge or Pursuit Into a Fresh Enemy?","Since all these count as charging, and therefore as charge  moves for special rules like Frenzy or Furious Charge and Impact Hits, you cannot conduct these  when  under such effects.",07.10.2026,GW FAQ,07.10.2026 first test
347,faq,2-2 Movement Phase Charge Moves,Basic Rules,"When charging a unit in an arc that features an incomplete rank, how are you to make contact with that unit? What happens if you overrun or pursuit into such a unit, but only hit the template or rather footprint?","If charging, Use the footprint of the unit, extending the incomplete rank or file to be complete, and have the charging unit make contact (and maximize contact with) models who would be in those positions.
If Overruning or during a pursuit, you only make contact with such an unit if you hit actual models. In that case, you would conduct your move wheeling to maximise towards the footprint of the unit.",07.10.2026,,07.10.2026 first test
348,faq,0 Faction Rules,Special Rules,Do fanatics now die when moving through a unit that is entrenched or under the effect of Earthen Ramparts?,"If the unit is under the effect of Earthen Ramparts but wasn’t charged, they hit the unit since earthen ramparts specifies it only works if charged. Against entrenched or earthen ramparts when charged, the fanatics hit the obstacle and die.",07.10.2026,"Orcs and Goblins
GW FAQ",07.10.2026 first test
351,faq,0 General Rules,Characters,"When a character or champion retires from combat, is moved for a challenge, or moves through the ranks, does this count as the unit moving for the purpose of related special rules (such as being 'entrenched')?","No. The character (or champion) counts as moving when they retire, but the unit itself does not.",07.10.2026,,07.10.2026 first test
352,faq,0 General Rules,Scenarios,Can I choose for reserves to enter during any player’s turn?,"No, only on your own turns.",07.10.2026,Matched Play Guide Scenarios,07.10.2026 first test
353,faq,0 Faction Rules,Special Rules,Do modifiers to the To Hit roll apply when using the Seal of Parravon?,"Yes. The Seal of Parravon refers to a roll of 3 on the To Hit table before modifiers (i.e., the result after consulting the table, not the natural dice roll). Modifiers are applied as normal.",07.10.2026,Bretonnia,07.10.2026 first test
354,faq,0 General Rules,Armybuilding,Can the champion of a unit which swapped their shields for another weapon still buy a magical shield? And can the champion chose to wield a separate equipment than the unit (if he wears a mundane/magical weapon?)?,"Yes, just like how a character doesn't have to buy a generic shield in order to have a magic one. You just need the shield as a possible option to access the magic version. Yes, the champion can use a different weapon option if he has access to.",07.10.2026,,07.10.2026 first test
355,faq,0 Faction Rules,Special Rules,"If Chalice of Dark Rain is active, can a casket of souls use a magical missile? Are wailing dirges affected by it?","Only the range of missile weapons is halved´, so the range of Magic Missiles, Wailing Dirge, Breath Weapons and similar rules are not affected (Sky Lantern Bombs), but war machines cannot shoot at all. Since the casket's magic missile is a shooting attack, it cannot be used in such a turn.",07.10.2026,Beastmen Brayherds,07.10.2026 first test
357,faq,0 Faction Rules,Special Rules,"Can Sappers use their ability ""Dig in!"" in every command phase or only in their own?","The wording of the special rule ""Dig in!"" has priority over the general rules for command abilities, thus the special rule can be used in every command phase.",07.10.2026,Dwarf Mountain Holds,07.10.2026 first test
358,faq,0 General Rules,Skirmishers,"If a unit of skirmishers takes casualties and has no other choice than to remove models in a way that two or more characters that have joined said unit lose coherency with the unit, what happens to the characters?","Any model out of coherency, including characters, is removed from play as casualty.",07.10.2026,GW FAQ,07.10.2026 first test
359,faq,2-2 Movement Phase Charge Moves,Basic Rules,When do you actually conduct accidental contact during a charge? Do you get a charge reaction against it? What happens if you have Fly? And what happens if the original charge target fled?,"If wheeling around the obstacle would cause you to do a failed charge, or if the unit is not able to wheel around the obstacle unit at all, you conduct accidental contact during a charge. The charging unit only counts as having redirected prior so it can make contact - you don't get a charge reaction, which only is available after a unit is selected as charge target during a redirect or charge declaration.

A charging unit must endeavour to bring as many models as possible within its front rank into base contact with models in the charged unit. That is the highest priority and the unit must use Fly (X) if needed. You determine if Fly (X) is needed when the unit starts its charge move. If the charging unit with Fly(X)  would make a failed charge and ends on top of the enemy unit, do accidental contact. However, if you fly over/behind the enemy unit, you cannot do accidental contact as it is not the enemy unit, but the missing charge distance that leads to the failed charge.
If the charge target declared flee or is fleeing for any reason, you do not conduct accidental contact during a charge at all, as you have to check for accidental contact during Running Down the Foe. During Running down the Foe, you charge as normally and you never make a failed charge, thus you always try to wheel or move around the obstacle unit. Only if you cannot do that, you will make accidental contact. This means, in most caes, that units with Fly (X) or Skirmishers go over or around obstacle units.",07.10.2026,"Accidental Contact during a Charge CRB 131
Pursuit into a fresh Enemy CRB 157",07.10.2026 first test
360,faq,4-1 Combat Phase Choose Combat & Determine Who Can Fight,Magic,Can an assailment spell be cast from any position in the unit? Does he need to have base contact?,The caster has only to be within the fighting rank that is engaged with the unit he wants to target and does not necessarily needs to have base contact to that unit. Note that assailment spells do not lose hits if there is no base contact.,07.10.2026,,07.10.2026 first test
363,clarification,0 Faction Rules,Special Rules,Clarification of the Grail Reliquae.,"The Grail Reliquae is a single model. It might have the stats of 6 Pilgrims but it's still just a single Heavy Infantry model, which has a Unit Strength of 1. No matter how many wounds it suffers it still has 6 attacks. It is not in Marching Column if it's the only model remaining as single models cannot be in Marching Column. Attacks cannot be directed against the Grail Reliquae - all hits will be assigned to the unit. If a template hits the Grail Reliquae, it results in a normal hit assigned to the unit - note that ""risking being hit"" for the Grail Reliquae works the same way as for any other model with that base size.",07.10.2026,Bretonnia,07.10.2026 first test
366,faq,4-1 Combat Phase Choose Combat & Determine Who Can Fight,Special Rules,Can stomp attacks in a challenge be also directed towards the unit?,No,07.10.2026,"GW FAQ
Stomp Attacks CRB 177",07.10.2026 first test
367,faq,0 General Rules,Basic Rules,"Due to the GW FAQ about objects being removed from the table, what is an object?","Anything that has a real or represented (by template) physical presence on the board that is present for more than a single sub-phase. A unit is a type of object, for example, as is a magical vortex",07.10.2026,GW FAQ,07.10.2026 first test
368,faq,0 Faction Rules,Armybuilding,"In the army list for most Armies of Infamy, there will be a text box stating: ""Any models that have the option to purchase magic items will have the option to purchase Common or (Faction) magic items). How does this apply to models in the army that are drawn from army books with a different selection of magic items?",Models can select magic items from their original army book only (Shaggoths in Wolves of the Sea get only Beastmen items).,07.10.2026,,07.10.2026 first test
369,faq,0 General Rules,Basic Rules,"When an attack that uses a template (such as Bombardment or an assailment or magic missile that uses a 3"" or 5"" blast) scatters to be partially off the table, how is this resolved?",Template attacks resolved fully even if the template is partially off the table.,07.10.2026,GW FAQ,07.10.2026 first test
370,faq,0 General Rules,Magic,"If a mounted model casts a spell or uses an ability that affects the caster (such as Mantle of Ghorok), but does not reference other models, does the spell affect the caster's mount (including chariot crew and beasts)?",No. A spell or ability that specifies the caster gaining an effect will only affect the wizard itself and not their mount.,07.10.2026,"Split Profile CRB 97
GW FAQ",07.10.2026 first test
372,faq,0 Faction Rules,Special Rules,"Does the ""Unity and Harmony"" rule affect Cathay units joined by Mercenary characters?","No, Jade Warriors & Jade Lancers may only reroll To-Hit rolls of 1 if they are within 3 inches of a mercenary unit. Mercenary characters joined to non-mercenary units do not count.",07.10.2026,Grand Cathay,07.10.2026 first test
373,faq,0 Faction Rules,Special Rules,"Can a unit that was drawn from another army list benefit from special rules that mention ""friendly <faction> units"", for example, a Chaos Spawn in a Beastmen Brayherd Army benefit from a Herdstone?","Yes, as it has been picked as part of a Beastmen Brayherds army, although it originates from the Warriors of Chaos rules. This applies for all similar unit entries, which are taken as part of the army list (not as mercenaries or allies except for allied armies of infamies in their corresponding grand army).",07.10.2026,Beastmen Brayherds,07.10.2026 first test
374,faq,0 General Rules,Basic Rules,"Can you see ""into"" a base of a model or does the base itself block Line of Sight of that Model? Can you aim cannon shots onto the base of a model you see?","No, bases fully block line of sight.",07.10.2026,Line of Sight CRB 103,07.10.2026 first test
375,faq,0 General Rules,Magic,"Ogdruz Swampcalla and Branchwraith are now the only non‑updated Wizards with the wording ""knows spells from the following Lores of Magic” (multiples) instead of “uses spells from … OR …”— does that wording difference create an actual rules distinction?","Yes. GW did issue an errata to the other wizards and did not issue an errata to these two. It was not a generalized FAQ, so the wordign remains. Therefore, the exceptions may have access to multiple Lores at the same time.",07.10.2026,"GW FAQ
Lores of Magic CRB 106",07.10.2026 first test
376,faq,2 Movement Phase,Basic Rules,"Q: Redress the Ranks requires models to be added (or subtracted) from the left and right side of the unit ""as equally as possible."" What happens when it is only possible to add models to one side of the unit?","Redress the Ranks can at most add one more model to the left side than the right (or vice versa). If one side is blocked, then a unit can only redress to add a single model to the opposite side.

When removing models, the last models to remove must be the characters, then the command group, always keeping the standard bearer in the front rank and as close to the centre as possible. Command group models removed from the front rank must go to the second rank (and third in case of a single column). Characters removed from the front rank must go to the rear rank. The player choses the position of all models in their respective back ranks. When adding models to the front rank, the opposite order must be followed: first the command group, then the characters, before rank and file models. The position of added models can be chosen by the controlling player, but must respect the positioning rule for the command group and for characters: standard bearer as close to the centre as possible, command group models to either side, characters anywhere in the front rank. Note that characters may be placed among the command group.",07.10.2026,Redress the Ranks CRB 125,07.10.2026 first test
378,faq,2-3 Movement Phase Compulsory Moves,Special Rules,"Is a unit with Random Movement affected by modifiers applying to their Movement characteristic, such as terrain or spells?","Yes. Although models with the Random Movement special rule ""do not have a normal Movement characteristic"", the result of their dice roll is taken as their Movement characteristic and is affected by modifiers.",07.10.2026,Random Movement CRB 176,07.10.2026 first test
379,faq,2-4 Movement Phase Remaining Moves,Magic,"The spell Hidden Pathways allows the target to ""perform a Quick Turn, even if it would not normally be able to do so."" What exactly does this mean?",The unit gains Quick Turn and can use it even after marching or if it is not in Open Order formation,07.10.2026,,07.10.2026 first test
380,faq,0 General Rules,Characters,"If a Character is placed in the rear rank outside of combat because there is no room for them in the front rank, do they count as retired? What happens if there is also no space in the rear rank or he shrinks back into the fighting/front rank? What happens if there is space again for characters that retired because of too many characters or there are only places in the fighting rank left due to shrinking units?","A Character that is not leading from the front is considered retired and cannot confer Inspiring Presence, Hold Your Ground, Aura abilities or similar static benefits unless a rule explicitly states otherwise. Any benefits from spells with the range 'Self' are lost, but spells and abilities that targeted other units or are resolved for global effects remain in effect. Retired models will be counted towards the Units Unit Strength and towards the formation to determine rank bonus, combat order and marching column. They are still considered part of the unit for any check on unit type, model special rule affiliation (unit 'consists entirely' etc.) and target legality (ethereal, unbreakable etc.)

If the character cannot be placed in the rear rank, place him in the closest spot from the rear that is away from a fighting or front rank to retire him. Adjacent characters can be placed behind the rear rank if they retire.

If the unit shrinks down and the character returns by this to the front or fighting rank only because no other position away from a fighting rank is available, he unretires after all casualties are removed, after the initiative step and after any panic checks are resolved, but if this happens in combat he counts as having stepped forward. Outside of combat the usual rules for unretiring characters take place and characters return to the front rank if the formation allows to.",07.10.2026,"Positioning Characters CRB 207
GW FAQ",07.10.2026 first test
381,faq,0 Faction Rules,Special Rules,Can you choose when to use the Opal Amulet or are you forced to use it against the first wound?,"The item gives the bearer a ward save when used, but the player chooses when to activate single use items. Therefore, the Amulet does not have to be used exclusively against the first wound.",07.10.2026,"High Elves
Single Use Magic Items CRB 337",07.10.2026 first test
382,faq,2-4 Movement Phase Remaining Moves,Characters,"When a character leaves a unit, how is that character affected by any spells or effects that modify the unit's movement? Do they maintain the unit formation they were in, or always move as a skirmisher?","Movement is checked when a character or unit begins their movement. They move as a skirmisher, and move through other models in their unit freely. Any spells or effects (positive or negative) affect the character's movement during the Remaining Moves phase in which the character leaves the unit. This means that if the unit is affected by Miasmic Mirage, the character cannot march, and if the unit is affected by Steed of Shadows, the character may move using Fly (12). If for any reason the character does not follow the Lone Character rules when not in a unit (such as a character on a light chariot), then they must adhere to the normal movement rules for their respective unit type when leaving the unit.",07.10.2026,,07.10.2026 first test
383,faq,0 Faction Rules,Special Rules,"According to GW's FAQ, the Griffon Standard allows its unit to claim a higher rank bonus than normal for its unit type. How exactly does this work?","The unit can claim their rank bonus up to the normal maximum for their unit type, but gets +2 instead of +1 for each of these ranks. Infantry with horde have a max of +6 (normally +3), whereas cavalry have a max of +2 (normally +1).",07.10.2026,Empire,07.10.2026 first test
387,faq,0 General Rules,Scenarios,"Can the Battle Standard be ""claimed as a trophy"" in the same way as any other standard (as described p.200), by killing the BSB in combat or running him down?","Yes, and the Victory Points obtained are cumulative to the Victory Points granted for slaying the BSB.",07.10.2026,"Trophies of War CRB 286
Standards CRB 152",07.10.2026 first test
388,faq,0 Faction Rules,Magic,How many spells does a Cathay L4 wizard equipped with the Scrolls of Wei-jin and the Learned Feng Shi Bo know?,5 Spells,07.10.2026,Grand Cathay,07.10.2026 first test
389,faq,0 Faction Rules,Magic,"If a bray-shaman in a Wild Herd army chooses to not use the +1 to cast or dispel from Dark Coven on a spell that they miscast, do friendly wizards within their command range still suffer the effect of that miscast?",No. The miscast is shared with friendly wizards only when a bray-shaman chooses to use the +1 from Dark Coven before rolling to cast or dispel.,07.10.2026,Dark Coven Beastmen Brayherds AJ 5,07.10.2026 first test
390,faq,2-1 Movement Phase Declare Charges and Charge Reaction,Characters,"Can you use stand and shoot against a lone character, that would otherwise be protected by the ""lone character"" rule?","Yes, Stand and Shoot does not include targeting",07.10.2026,Stand & Shoot CRB 120,07.10.2026 first test
391,faq,0 General Rules,Basic Rules,How do I determine the troop type of a unit that includes rank-and-file models with two different troop types?,"Use the unit type stated in the primary Unit entry (War Beasts / Cavalry for Primal Warhounds for example). However, Rank Bonus and Special Rules that affect models can be applied to individual models (using generals Ld, getting a third rank bonus with horde if the rank consists entirely of Infantry etc).",07.10.2026,,07.10.2026 first test
392,faq,2-2 Movement Phase Charge Moves,Basic Rules,"When a unit fleeing from a charge or a combat flees off the battlefield or is destroyed during its flee move (e.g. due to peril tests, dangerous terrain, fanatics, vortexes,...), what happens to a charging/pursuing unit?","Complete the fleeing unit’s movement, and leave it in place. Then complete charges and pursuits, as if that unit was still fully on the board.

If the fleeing unit is destroyed during the flee move, conduct pursuit and charges towards the position where the last model was removed.",07.10.2026,,07.10.2026 first test
393,faq,4-1 Combat Phase Choose Combat & Determine Who Can Fight,Special Rules,"Q: The 1.5 errata states that ""Any model that is within a fighting rank and within a number of inches equal to its Movement of the enemy unit can fight."" The Random Movement special rule states that ""Models with this special rule do not have a normal Movement characteristic. Instead, a dice roll is given (2D6, for example). When a model with this special rule moves, roll the dice to determine its maximum movement."" How should this interaction be played?","A) Because the unit does not have a normal movement characteristic when not actively moving, treat the movement value during combat as M (-). This means that models with Random Movement can only make attacks when in base contact with an enemy model.
B) Those units still have a Movement characteristic that deviates from the norm. When a unit with Random Movement has models in a fighting rank but not in base-to-base contact with an enemy models, roll their Random Movement dice when their combat is chosen during step 1.1 of the Combat phase. Use the number rolled as the unit's Movement for this combat phase as the unit's Movement characteristic when determining which models outside of base-to-base can attack. If the unit with Random Movement fights in a 2nd combat during the same combat phase, when that new combat is chosen the unit with Random Movement will roll again to determine this range.",07.10.2026,,07.10.2026 first test
394,faq,4-1 Combat Phase Choose Combat & Determine Who Can Fight,Basic Rules,What Armour Value is used if a model equipped with hand weapon and shield  and the parry spcial rule is engaged in combat and suffers wounds before Step1.1 of his Combat? Can the model use Parry?,"Use the same Armour Value that would be used if the model were not engaged in combat. The model will use his shield if he has one, but Parry does not apply as his weapon choice has not yet been made for that combat round.",07.10.2026,,07.10.2026 first test
395,faq,4-1 Combat Phase Choose Combat & Determine Who Can Fight,Special Rules,"Hatred applies during the first round of combat. If a unit that's already in combat is charged by a new unit, does that count as a new combat for the purpose of Hatred?","Only for the charging unit in this example. The first round of combat is relative to each unit, and for Hatred to be used it must be the first round that the unit with Hatred is engaged in that combat.",07.10.2026,Hatred CRB 171,07.10.2026 first test
396,faq,1-3 Strategy Phase Conjuration,Basic Rules,"When dispelling Remains in Play spells during the Conjuration sub-phase, can a dispel attempt be made multiple times (by multiple wizards, for example) against the same spell?","No. You may attempt to dispel each Remains in Play spell a single time per Conjuration sub-phase, choosing either a wizard within wizardly dispel range or by making a fated dispel. The same wizard may be chosen to use their wizardly dispel this way against any number of Remains in Play spells.",07.10.2026,Dispelling Remains in Play Spells CRB 111,07.10.2026 first test
397,faq,2 Movement Phase,Basic Rules,"If a unit loses models during its movement, e.g. by moving through a fanatic, dangerous terrain, peril tests or a vortex, when are models removed?","Remove models right after each damage-dealing source encountered. A reduction in the unit size might affect whether or not it encounters terrain, models or objects behind the first damage-dealing source, and the following wheels might be affected if the unit width is reduced. Charge roll is still affected by terrain based on whether it would be contacted before moving, taking the low dice if the charge path is expected to cross terrain before moving. If the moving unit is a fanatic, he is immediately removed from play and does not move any further if slain.",07.10.2026,,07.10.2026 first test
398,faq,3 Shooting Phase,Special Rules,Are baggage trains considered impassable terrain for the purposes of the crunch rule?,"No. Baggage trains are not impassible terrain for shooting purposes, including the Crunch rule for cannon fire. They are treated as impassible only for the purpose of moving and positioning units.",07.10.2026,"GW FAQ
Cannon Fire Crunch CRB 227",07.10.2026 first test
399,faq,3 Shooting Phase,Basic Rules,"When multiple templates would hit a unit in the same shooting sequence (for eample results 2-6 of the miscast table with the dark coven rule or from Sky Lantern bombing), how do you resolve these templates?","Resolve the templates at the same time. Every hit is assigned to the model that is actually hit, leading to possibly single models suffering multiple hits. Note for single-wound models, this will possibly cause excess damage, which is then lost. Roll for each model on its own.",07.10.2026,,07.10.2026 first test
400,faq,3 Shooting Phase,Basic Rules,"Can models in the rear ranks of a formed unit shoot if they are able to draw a Line of Sight? What does ""normally"" mean in the sentence “Normally, only models in the front rank of a unit can shoot” within [Check Line of Sight]?","No. ""Normally"" means “as a rule”, which applies unless another rule explicitly overrides it (Volley Fire, Vantage Point)",07.10.2026,"GW FAQ
Vantage Point CRB 271
Beyond the Crest CRB 271
Volley Fire CRB 180
Large Target",07.10.2026 first test
402,faq,0 Faction Rules,Special Rules,"The Sepulchral Animus rules allows a modifier with the following wording: ""Once per turn, before making a casting roll, any liche priest within a Mortuary Cult army..."" Does that mean the ability can be used once per Priest or only once per army?","Once per Priest. The use of ""any Liche Priest"" indicates that there is no limit on the number of Liche Priests using the ability, as it relates to a unit entry, and not models.",07.10.2026,,07.10.2026 first test
403,faq,0 General Rules,Special Rules,"Some special rules use the wording majority of the models (Warband, Immune to Psychology, Frenzy, Run with the Pack as examples). How do these special rules work when there is no majority, and the unit is split half?","Unlike Motley Crew, all these rules are optional or buffs to existing rules. For Motley Crew, the rules stop working on a draw, but these rules are full functional. Thus, you need to have more than 50% of the models qualifying for the use of the rule to achieve a majority and make the rule work.",07.10.2026,,07.10.2026 first test
404,faq,3-1 Shooting Phase Declare Target,Basic Rules,"How/When can units draw Line of Sight to points on Hills or in Forests, for example when targeting a point with Cannon Fire?","The GW FAQ states that Line of Sight is only obstructed to points behind such terrain features and not in these Terrain Features. For Vantage Points, treat any target point as a unit. Any point on a hill can be seen over models and units, provided they are no closer to the center of the hill as the potential target point.",07.10.2026,"GW FAQ
Vantage Point CRB 271
Beyond the Crest CRB 271",07.10.2026 first test
405,faq,0 Faction Rules,Special Rules,"An ogre loader for a Cathay cannon ""joins the crew."" What exactly does this mean? How do the gunpowder bombs work?","The ogre loader is considered part of the crew, and thus cannot be hit by enemy shooting (which all goes against the war machine itself). It confers its leadership to the War Machine, aswell as his special rules. The Ogre Loader is not placed on the table as crew, and will just function as other crew members of War Machines.
 In combat, the opponent has to chose wether to attack the Ogre Loader or the Crew as they form two different wound pools with different toughness. For malfunctions, the controlling player can chose which pools loses a wound. Only if both are reduced to 0 wounds, the war machine is destroyed.

When the crew makes ranged attacks using gunpowder bombs, make 4 attacks: one for the ogre, and one for each crew member",07.10.2026,"Enough for Everyone Armies of Grand Cathay 41
GW FAQ",07.10.2026 first test
406,faq,0 General Rules,Magic,"Q: The GW FAQ says that an effect which can re-roll a failed casting roll does not work on a miscast. Does this ruling also apply to effects that allow you to re-roll any casting roll, such as Tome of Spellcraft?","Yes, the ruling states that a miscast cannot be re-rolled and this applies regardless of the type of re-roll ability.",07.10.2026,"GW FAQ
Tome of Spellcraft
Buzgob's Knobbly Staff",07.10.2026 first test
407,faq,2-2 Movement Phase Charge Moves,LLO,"If a unit defending a Low Linear Obstacle, or counting as defending a Low Linear Obstacle (Dig In, Earthen Ramparts), is charged by an enemy unit that is unable to align, does the defending unit have to align against the enemy unit, hence losing its status?","Only for Dug In or Earthen Ramparts, as there is no physical LLO that prevents aligning. With a physical Low Linear Obstacle, the units cannot align to each other, as no base contact to align on was established.",07.10.2026,,07.10.2026 first test
408,faq,4-1 Combat Phase Choose Combat & Determine Who Can Fight,0 Faction Rules,"Master Rune of Hesitation says the enemy unit ""does not count as having charged for the purpose of choosing which weapons to use or using any special rules it may have."" How does this affect weapons that can be used whether charging or not charging, such as cavalry spears or flails?","Because the rune only says ""for the purpose of choosing,"" this means that the charging unit cannot choose to use lances. However, it does not negate any benefits those weapons gain when charging (except if they gain special rules, which the rune negates as normal). For example, a flail would grant +2S for charging, but not Armourbane (1).",07.10.2026,"Master Rune of Hesitation
Cavalry Spear",07.10.2026 first test
409,faq,0 Faction Rules,Special Rules,Are Fanatics units?,"Yes, a fanatic is a unit (except for all cases that are explained and listed under their unit entry) as it has a model profile, including characteristics, special rules, equipment etc. This means they work as any other unit, with the following exceptions:
- cannot be charged or have attacks directed against them (with the exception of enemy shooting attacks, against which they count as lone characters) and cannot be targeted by any spells (with the exception of enemy magic missiles), not even by their owner.
- does not engage with other units, but follows the rules for fanatic movement when hitting them.
- do not give away victory points when dying.
- their special rule which allows units to move through them forces units to charge through fanatics towards their charge target.
Note that fanatics being units will force the following interactions:
- They count as unit for the 1"" check of give ground, which is not being disabled by the Fanatic Movement rule.
- Fanatics can hit each other (see the COMFAQ entry for units destroyed while moving) and can never leave the board.
- They provide cover and will cause ambushers and units returning from offside the battlefield to keep distance to them.
- They will cause peril tests when units flee through them in addition to the Fanatic Ball & Chain rule.
- They will cause panic in units and will potentially cause units to flee from them if the fanatic is the closest enemy unit.
- Score domination.",07.10.2026,Ravening Hordes Forces of Evil 26 Fanatics,07.10.2026 first test
410,faq,3-2 Shooting Phase Roll to Hit,Special Rules,How is cover determined?,"Cover is a measure of how obscured LoS is. How much of the ""other model or unit"" is visible or obscured is determined considering the definition of LoS, including rules that define when models do or don't block Line of Sight (Large Target, Insignificant, Vantage Point). This means, among others, that non-Large models do not provide cover if the shooting or target unit is a Large Target, that models not on a Vantage Point (Hill) do not provide cover if the shooting or target unit is entirely on a Vantage Point (Hill), and that Insignificant models never provide cover. Remember that Large Targets never benefit from cover. Note that for terrain categories that do not have a specific rule for Line of Sight (e.g. buildings, linear obstacles, ruins, battlefield decoration…), Line of Sight has to be determined by checking the actual ""true"" Line of Sight from the model, if not stated otherwise by the tournament organizer.",07.10.2026,"Large Target
Cover",07.10.2026 first test
412,faq,4-1 Combat Phase Choose Combat & Determine Who Can Fight,Special Rules,"The rule for Transformation of the Dragon states that the new form cannot be placed within 1"" of friendly models, within 3"" and within 6"" of its previous form. The new FAQ states that when the Dragon is in base-to-base contact with enemy models and transforms, it must remain in b2b. As it's impossible to satisfy all of these conditions, how should the rule be played? What happens if there is no room for the new model to be in b2b with the enemy unit?","When a Cathayan Dragon is in combat, their transformation rule ignores the requirements to be further than 1"" from friendly models or 3"" from enemy models and their base is allowed to overlap their previous form.
If there is no room to place the new model in b2b with the enemy unit due to allied models occupying their full front arc, simply nudge those friendly units aside by the minimum distance necessary to fit the Dragon's new form. However, if there is no space to fit the new Dragon model due to enemy units (even ignoring the 1"" rule) or allied units not engaged in the combat, the dragon cannot transform.",07.10.2026,Miao Ying,07.10.2026 first test
413,faq,2 Movement Phase,Characters,How does the Move Through Cover rule apply to units where some models have MTC and other models do not?,"The -1M from difficult terrain affects the entire unit, even models not actually in that terrain, but models with the Move through cover special rule will not suffer the -1 Movement penalty.

If a character has joined the unit without Move through cover, he will suffer the penalty (the unit won't) and the unit moves at the modified speed of its slowest model.

In Regard to the higher or lower dice during charges, the unit will always take the lower die if any models do not have the Move Through Cover rule, even if the characters do not actually cross difficult terrain.",07.10.2026,Move Through Cover,07.10.2026 first test
414,clarification,0 General Rules,Basic Rules,"Some spells and abilities ask a model to take an Initiative test, such as Terrors Below or Durthu's Wrath. How do temporary modifiers, such as spells, charging, or weapon special rules, affect these? Similarly, what initiative value is used when making an attack with a spell or weapon other than the one chosen to fight with during step 1.1 of combat?","A model's initiative for attacking, casting an assailment, or making a test always uses its current (modified) value. If tests are made in the Combat Phase, this includes the Charging Units Initiative bonus, even if the test is made out of combat in a turn that unit charges or counts as having charged. However, special rules from / on weapons like Strikes Last or Always Strikes First apply only to attacks made with those weapons - ignore these rules for all other purposes, including attacks made with different weapons or by different models on a combined profile. In the case of Spectral Doppelganger, attacks with a weapon with Strike First are still resolved on the same initiative as the spell is cast.",07.10.2026,"Spectral Doppelganger
Durthu's Wrath
Strike First
Strike Last",07.10.2026 first test
